000430,8.33,57142,0.07,0.85,2.73
000429,4.76,85153,0.02,0.42,1.82
000428,6.20,102951,0.03,0.49,1.43
000426,12.58,208961,1.14,9.97,4.54
000425,10.88,341957,0.29,2.74,1.66
000423,36.81,132764,0.30,0.82,2.03
000422,6.86,300815,0.16,2.39,3.44
000421,7.40,47288,-0.05,-0.67,1.34
000420,5.72,88418,-0.13,-2.22,2.78
000419,6.71,72151,-0.01,-0.15,1.33
000418,12.43,76253,0.03,0.24,1.74
000417,6.97,126116,0.02,0.29,1.62
000416,0.00,0,0.00,0.00,0.00
000415,12.68,213856,-0.20,-1.55,1.69
000413,0.00,0,0.00,0.00,0.00
000411,0.00,0,0.00,0.00,0.00
000410,12.21,749655,0.11,0.91,10.15
000409,11.62,180814,0.85,7.89,6.13
000408,0.00,0,0.00,0.00,0.00
000407,7.04,124536,-0.03,-0.42,1.93
000404,7.16,213913,0.22,3.17,4.32
000403,21.17,60460,-0.64,-2.93,3.33
000402,8.22,845056,0.39,4.98,2.83
000401,11.14,257836,0.49,4.60,2.13
000400,20.57,207145,0.15,0.73,3.49
000338,23.30,321918,0.23,1.00,3.08
000333,25.49,525739,0.96,3.91,2.35
000301,4.34,259483,0.06,1.40,2.13
000159,10.56,174449,0.12,1.15,3.63
000158,12.16,161076,0.03,0.25,2.24
000157,5.49,1707976,0.11,2.04,2.73
000156,29.64,37829,0.72,2.49,5.20
000155,7.10,38925,-0.11,-1.53,0.83
000153,14.38,96045,-0.84,-5.52,3.24
000151,17.23,85417,-0.19,-1.09,3.20
000150,0.00,0,0.00,0.00,0.00
000100,3.51,3035320,0.11,3.24,3.73
000099,14.48,182983,-0.25,-1.70,3.02
000096,7.49,58080,-0.04,-0.53,1.14
000090,13.04,108845,-0.12,-0.91,1.97
000089,5.74,168007,-0.07,-1.20,0.99
000088,8.49,242393,0.01,0.12,1.25
000078,10.25,164126,0.00,0.00,2.25
000070,0.00,0,0.00,0.00,0.00
000069,6.53,2120106,0.21,3.32,6.81
000068,9.97,97853,-0.18,-1.77,1.09
000066,6.45,130124,-0.07,-1.07,0.98
000065,18.62,46073,-0.18,-0.96,1.82
000063,15.99,737586,0.47,3.03,2.63
000062,17.22,110918,-0.46,-2.60,1.66
000061,11.87,289975,0.26,2.24,1.81
000060,9.20,850345,0.84,10.05,4.13
000059,10.09,153494,-0.29,-2.79,1.28
000058,6.43,81632,-0.01,-0.16,1.52
000056,16.54,67596,-0.44,-2.59,4.73
000055,10.56,93507,-0.30,-2.76,2.23
000050,22.25,111834,0.26,1.18,1.95
000049,36.66,41479,0.58,1.61,2.02
000048,10.82,42260,-0.10,-0.92,1.11
000046,8.71,529648,0.22,2.59,1.17
000045,11.45,85233,-0.17,-1.46,2.10
000043,9.11,243142,0.18,2.02,3.65
000042,13.78,123958,0.43,3.22,2.59
000040,5.54,85300,0.10,1.84,1.84
000039,18.40,223272,0.19,1.04,1.81
000038,19.65,8332,-0.25,-1.26,2.97
000037,6.21,35242,-0.11,-1.74,1.04
000036,4.10,311379,0.05,1.23,2.77
000035,13.56,35988,-0.12,-0.88,1.90
000034,7.24,38720,-0.04,-0.55,1.14
000033,0.00,0,0.00,0.00,0.00
000032,12.39,40097,-0.04,-0.32,1.72
000031,7.29,724718,0.39,5.65,4.00
000030,8.17,83227,0.07,0.86,1.48
000029,6.45,174804,0.31,5.05,1.96
000028,46.77,20220,1.13,2.48,0.87
000027,9.27,331155,0.25,2.77,3.46
000026,10.72,59494,-0.02,-0.19,1.91
000025,12.33,13538,-0.17,-1.36,0.76
000024,18.32,880532,1.05,6.08,8.58
000023,0.00,0,0.00,0.00,0.00
000022,17.20,28818,-0.09,-0.52,0.62
000021,8.07,266322,-0.12,-1.47,1.81
000020,0.00,0,0.00,0.00,0.00
000019,8.66,30368,-0.11,-1.25,1.20
000018,19.10,24649,-0.83,-4.16,2.47
000017,8.01,46377,-0.14,-1.72,1.53
000016,6.19,133221,0.02,0.32,2.22
000014,15.80,30354,0.08,0.51,1.50
000012,8.55,527134,0.18,2.15,4.05
000011,9.62,115700,0.20,2.12,6.58
000010,7.43,60721,-0.11,-1.46,1.70
000009,13.63,505601,0.27,2.02,3.39
000008,22.40,22149,-0.85,-3.66,1.50
000007,15.81,21160,-0.23,-1.43,1.03
000006,7.07,557381,0.19,2.76,4.16
000005,3.97,338517,0.05,1.28,3.70
000004,20.67,27670,-0.85,-3.95,3.30
603998,0.00,0,0.00,0.00,
603993,9.68,405452,0.66,7.32,2.06
603988,47.71,24974,-1.97,-3.97,12.49
603806,44.07,26375,-0.52,-1.17,4.40
603766,0.00,0,0.00,0.00,0.00
603699,22.03,29468,-0.18,-0.81,3.57
603688,27.28,98595,-1.51,-5.24,17.62
603609,16.80,94426,-0.43,-2.50,11.80
603606,27.87,32946,-0.76,-2.65,10.51
603555,13.63,35678,-0.20,-1.45,4.01
603518,28.83,365,8.81,44.01,0.10
603456,37.48,22761,-0.67,-1.76,4.38
603399,11.93,142896,0.48,4.19,11.41
603369,29.95,50952,0.20,0.67,9.84
603368,0.00,0,0.00,0.00,
603366,17.32,25704,-0.04,-0.23,1.82
603333,6.40,135275,0.58,9.97,6.95
603328,27.38,38935,-0.20,-0.73,4.33
603308,19.99,62701,0.03,0.15,7.84
603306,31.05,22171,-0.39,-1.24,6.33
603288,42.36,38695,-0.58,-1.35,2.58
603188,48.78,36740,-0.01,-0.02,5.10
603169,26.20,248020,-0.18,-0.68,24.80
603168,97.49,7448,-1.82,-1.83,4.56
603167,12.64,86929,-0.15,-1.17,2.85
603166,12.23,231,1.11,9.98,0.05
603128,14.45,125881,0.11,0.77,7.87
603126,16.60,63033,-0.32,-1.89,7.88
603123,10.88,32829,-0.13,-1.18,2.92
603111,24.42,35273,-0.08,-0.33,4.88
603100,17.86,100405,-0.45,-2.46,10.04
603099,17.08,58543,-0.44,-2.51,8.78
603088,52.86,100853,1.30,2.52,50.43
603077,11.60,64055,-0.10,-0.85,2.14
603019,46.63,1913,4.24,10.00,0.26
603018,73.24,20446,-0.77,-1.04,7.86
603011,34.12,2081,3.10,9.99,0.46
603010,30.70,21602,-0.68,-2.17,8.64
603009,26.89,14769,-0.42,-1.54,5.54
603008,0.00,0,0.00,0.00,0.00
603006,39.16,12945,-0.13,-0.33,6.47
603005,47.90,10859,-0.55,-1.14,1.92
603003,16.83,35660,-0.46,-2.66,5.63
603002,8.52,67439,-0.05,-0.58,3.55
603001,17.33,30680,-0.23,-1.31,2.62
603000,44.70,73702,1.52,3.52,3.30
601999,13.36,198867,0.64,5.03,3.61
601998,6.67,2292669,0.00,0.00,0.72
601996,9.30,153852,0.02,0.22,3.28
601992,9.80,542791,0.41,4.37,1.74
601991,4.78,494824,0.14,3.02,0.50
601989,6.41,2907883,0.08,1.26,1.78
601988,3.50,10631762,-0.06,-1.69,0.54
601969,0.00,0,0.00,0.00,
601965,12.99,40763,0.06,0.46,2.12
601958,10.28,473036,0.62,6.42,1.47
601939,5.07,2936807,0.00,0.00,3.06
601933,7.86,266944,0.03,0.38,0.87
601929,11.77,163406,0.29,2.53,2.49
601928,0.00,0,0.00,0.00,0.00
601919,5.52,783295,0.03,0.55,1.03
601918,5.79,578273,0.13,2.30,2.23
601908,12.89,252684,-0.28,-2.13,8.88
601901,11.83,4647120,0.95,8.73,7.62
601899,3.07,5418676,0.21,7.34,3.43
601898,6.01,1314031,0.31,5.44,1.44
601890,10.51,46166,-0.03,-0.28,0.99
601888,41.35,46022,-0.34,-0.82,0.47
601886,8.44,217479,0.18,2.18,2.40
601880,4.57,550032,0.00,0.00,1.64
601877,29.05,27640,-0.02,-0.07,0.27
601872,4.47,384891,-0.07,-1.54,1.02
601866,3.61,1052934,0.01,0.28,1.33
601857,8.42,1649780,0.05,0.60,0.10
601818,4.13,8550937,-0.07,-1.67,2.15
601808,18.19,386857,0.39,2.19,1.31
601801,16.79,69269,0.50,3.07,0.76
601800,7.32,1139813,0.01,0.14,8.44
601799,21.29,12496,0.05,0.24,0.52
601798,13.38,34402,0.14,1.06,0.97
601789,9.31,103559,0.05,0.54,2.48
601788,23.55,1303342,2.14,10.00,3.81
601777,10.23,146800,-0.18,-1.73,1.51
601766,0.00,0,0.00,0.00,0.00
601727,6.45,447178,0.07,1.10,0.45
601718,5.02,676925,0.04,0.80,1.76
601717,7.84,335257,0.11,1.42,2.43
601700,15.78,69744,-0.29,-1.80,2.96
601699,11.20,554392,0.40,3.70,2.41
601688,21.75,2265943,1.36,6.67,4.05
601678,9.81,133384,0.17,1.76,2.02
601677,13.75,102633,0.51,3.85,3.96
601669,4.33,2166472,0.06,1.41,6.57
601668,4.54,7019758,0.12,2.71,2.35
601666,5.48,642691,0.16,3.01,2.72
601636,8.32,61674,0.01,0.12,1.11
601633,37.67,51722,-0.24,-0.63,0.26
601628,23.65,821620,0.08,0.34,0.39
601618,3.08,2938681,0.11,3.70,1.81
601616,5.21,149086,0.09,1.76,1.60
601608,6.15,1409516,0.41,7.14,18.73
601607,15.82,350320,0.26,1.67,1.82
601601,25.15,730643,0.26,1.04,1.16
601600,4.72,2151204,0.24,5.36,2.25
601599,0.00,0,0.00,0.00,0.00
601588,3.90,707840,0.12,3.17,2.66
601579,14.10,81780,-0.20,-1.40,8.18
601567,18.18,17878,-0.25,-1.36,0.52
601566,13.34,48045,-0.04,-0.30,0.84
601558,0.00,0,0.00,0.00,0.00
601555,18.73,1149318,0.91,5.11,9.41
601519,0.00,0,0.00,0.00,0.00
601518,3.34,168854,0.02,0.60,1.39
601515,12.30,88531,-0.11,-0.89,5.23
601398,4.16,3731918,-0.02,-0.48,0.14
601390,5.06,2433178,0.04,0.80,1.42
601388,11.59,341381,0.68,6.23,15.34
601377,13.13,3527164,0.89,7.27,7.11
601369,7.68,155249,0.01,0.13,0.95
601339,11.27,42537,0.00,0.00,2.22
601336,42.49,561993,-0.51,-1.19,5.11
601333,3.66,1054553,0.07,1.95,1.87
601328,5.99,5700472,0.03,0.50,1.74
601318,55.85,1448857,1.56,2.87,3.03
601313,10.77,60664,-0.33,-2.97,2.26
601311,14.22,110954,-0.28,-1.93,1.92
601299,0.00,0,0.00,0.00,0.00
601288,2.97,7616133,0.01,0.34,0.27
601268,0.00,0,0.00,0.00,0.00
601258,6.32,249109,0.01,0.16,0.95
601238,8.50,181780,0.16,1.92,3.01
601233,8.11,199080,0.22,2.79,2.08
601231,32.92,38991,1.28,4.05,3.65
601226,0.00,0,0.00,0.00,
601225,7.36,836914,0.31,4.40,16.74
601222,24.62,33175,-0.46,-1.83,0.94
601218,7.67,200888,-0.10,-1.29,2.03
601216,0.00,0,0.00,0.00,0.00
601208,9.50,83513,-0.23,-2.36,1.48
601199,20.72,111868,1.05,5.34,4.78
601188,3.79,129467,0.00,0.00,1.07
601186,8.90,1561122,0.14,1.60,1.52
601179,5.66,545411,0.12,2.17,1.25
601177,8.95,47234,0.09,1.02,1.18
601169,9.30,1406674,-0.05,-0.53,1.57
601168,8.21,1293597,0.63,8.31,5.43
601166,12.63,4414108,0.04,0.32,2.73
601158,7.66,615965,0.11,1.46,1.28
601139,8.35,108541,0.12,1.46,0.57
601137,22.47,44074,0.59,2.70,2.05
601126,18.22,30785,-0.03,-0.16,0.76
601118,9.46,1706675,0.19,2.05,4.34
601117,7.31,1198416,0.17,2.38,2.43
601116,9.40,44006,0.07,0.75,1.09
601113,6.13,37139,-0.05,-0.81,0.58
601111,6.22,1066391,-0.10,-1.58,1.28
601107,3.94,202645,-0.01,-0.25,0.94
601106,4.94,1954997,0.18,3.78,2.99
601101,7.91,279423,0.23,2.99,2.33
601100,11.79,25355,-0.14,-1.17,1.03
601099,10.88,2225194,0.65,6.35,8.97
601098,15.53,170756,0.28,1.84,0.95
601088,17.28,869892,0.48,2.86,0.53
601058,17.85,29136,-0.46,-2.51,0.77
601038,11.05,208944,-0.24,-2.13,13.93
601028,22.04,113917,-0.06,-0.27,6.10
601018,4.02,1308469,0.02,0.50,1.02
601016,13.02,223911,-0.42,-3.12,12.59
601015,21.66,416103,-0.88,-3.90,34.68
601012,16.95,94590,-0.33,-1.91,3.04
601011,12.57,71080,0.17,1.37,1.84
601010,8.73,63196,0.01,0.11,0.85
601009,13.26,1143738,-0.13,-0.97,3.85
601008,7.07,265628,0.04,0.57,3.27
601007,11.86,25633,0.01,0.08,0.85
601006,9.65,845561,-0.03,-0.31,0.57
601005,3.37,292048,0.11,3.37,2.44
601003,3.61,315879,0.09,2.56,1.23
601002,19.02,375707,0.04,0.21,5.09
601001,9.18,533757,0.26,2.91,3.19
601000,8.74,953699,0.12,1.39,4.70
600999,22.00,1229278,1.18,5.67,2.64
600998,16.78,100475,-0.28,-1.64,0.73
600997,6.73,255224,0.23,3.54,2.07
600995,7.44,94175,0.00,0.00,1.97
600993,22.15,41666,-0.29,-1.29,1.26
600992,10.96,39719,-0.20,-1.79,2.42
600990,46.03,29749,-1.55,-3.26,2.18
600988,11.42,250850,0.61,5.64,8.93
600987,9.83,274270,-0.55,-5.30,4.32
600986,0.00,0,0.00,0.00,0.00
600985,17.28,9762,0.17,0.99,0.75
600984,0.00,0,0.00,0.00,0.00
600983,12.93,37898,-0.09,-0.69,0.71
600982,7.19,82465,0.04,0.56,1.96
600981,0.00,0,0.00,0.00,0.00
600980,18.15,51171,0.78,4.49,3.94
600979,6.87,66021,-0.07,-1.01,0.92
600978,5.77,297456,0.08,1.41,2.01
600976,29.41,11189,0.07,0.24,0.73
600975,10.50,53016,0.09,0.86,2.26
600973,11.11,35922,0.07,0.63,0.87
600971,7.86,268876,0.31,4.11,2.69
600970,10.57,289352,0.28,2.72,2.65
600969,15.57,14846,-0.09,-0.57,0.71
600967,14.39,170232,-0.05,-0.35,2.20
600966,6.60,107024,-0.05,-0.75,1.76
600965,10.22,63365,0.04,0.39,1.74
600963,5.39,158821,-0.08,-1.46,1.88
600962,14.60,51790,-0.70,-4.58,2.04
600961,10.15,105199,0.48,4.96,1.99
600960,12.25,18274,0.07,0.57,0.86
600917,12.46,168931,-0.38,-2.96,10.83
600900,9.05,453555,0.06,0.67,0.47
600898,9.79,38570,-0.03,-0.31,1.53
600897,20.88,52485,-0.34,-1.60,1.76
600896,5.48,151610,-0.09,-1.62,2.61
600895,11.13,367649,0.19,1.74,2.37
600894,14.48,38111,0.08,0.56,0.49
600893,27.58,105039,0.03,0.11,0.97
600892,0.00,0,0.00,0.00,0.00
600891,7.43,53852,0.03,0.41,1.66
600890,7.80,46070,0.01,0.13,0.80
600889,8.82,127876,-0.38,-4.13,4.16
600888,7.90,216291,0.49,6.61,3.37
600887,26.06,785931,0.26,1.01,2.61
600886,7.61,764910,0.23,3.12,1.13
600885,21.78,24543,-0.06,-0.27,1.03
600884,18.30,111955,0.14,0.77,2.72
600883,10.18,27137,-0.29,-2.77,1.15
600882,8.81,124135,0.23,2.68,4.40
600881,7.19,570744,0.22,3.16,3.01
600880,12.15,396839,0.44,3.76,5.41
600879,14.14,263713,0.01,0.07,2.54
600877,7.85,180099,-0.10,-1.26,2.62
600876,0.00,0,0.00,0.00,0.00
600875,17.22,280967,0.35,2.07,1.69
600874,9.53,347107,-0.07,-0.73,3.19
600873,6.49,329711,-0.12,-1.82,1.06
600872,10.98,124222,0.05,0.46,1.56
600871,0.00,0,0.00,0.00,0.00
600870,8.34,99801,-0.44,-5.01,2.69
600869,10.16,72271,-0.12,-1.17,0.73
600868,3.50,648467,0.08,2.34,3.42
600867,18.93,318396,-2.10,-9.99,3.11
600866,8.02,96645,-0.11,-1.35,1.76
600865,8.14,52684,-0.12,-1.45,1.40
600864,11.15,296799,0.05,0.45,5.43
600863,3.42,1254824,0.07,2.09,4.75
600862,11.00,163091,-0.13,-1.17,2.56
600861,10.67,35106,0.07,0.66,1.11
600860,7.17,22032,-0.07,-0.97,0.68
600859,19.55,106826,0.34,1.77,2.31
600858,8.61,85780,0.00,0.00,1.66
600857,16.54,22081,0.03,0.18,0.98
600856,11.34,33419,-0.35,-2.99,1.42
600855,21.70,103497,0.41,1.93,4.44
600854,6.16,151781,-0.18,-2.84,2.92
600853,4.46,108025,0.03,0.68,2.01
600851,8.87,251932,0.12,1.37,3.41
600850,39.00,27386,-1.33,-3.30,1.60
600848,0.00,0,0.00,0.00,0.00
600847,15.65,16157,0.07,0.45,1.21
600846,10.59,433142,0.01,0.09,6.93
600845,36.88,10361,-1.24,-3.25,0.46
600844,7.70,101418,-0.04,-0.52,1.73
600843,12.71,24223,0.05,0.39,1.18
600841,12.10,21455,-0.07,-0.58,0.44
600839,5.07,1102101,0.10,2.01,2.39
600838,9.82,59206,0.02,0.20,1.48
600837,16.94,3491019,0.66,4.05,4.31
600836,16.39,87790,0.09,0.55,2.80
600835,18.46,114330,-0.09,-0.49,1.42
600834,10.38,54645,-0.08,-0.76,1.14
600833,13.41,24789,-0.19,-1.40,1.11
600832,15.14,951300,0.50,3.42,2.99
600831,9.99,186381,0.22,2.25,3.31
600830,10.82,198125,-0.17,-1.55,4.36
600829,10.15,28964,0.13,1.30,0.50
600828,6.21,57771,0.03,0.49,1.01
600827,16.30,239749,0.27,1.68,1.55
600826,20.00,57478,0.11,0.55,1.37
600825,12.87,333993,0.31,2.47,3.20
600824,6.75,83962,0.01,0.15,0.96
600823,12.59,222943,0.40,3.28,1.90
600822,10.99,79353,-0.21,-1.88,2.00
600821,5.95,81750,-0.02,-0.34,1.96
600820,6.76,573062,0.04,0.60,2.83
600819,10.49,115112,-0.28,-2.60,2.12
600818,0.00,0,0.00,0.00,0.00
600817,14.00,11844,-0.02,-0.14,0.80
600816,29.17,229062,-0.35,-1.19,5.05
600815,0.00,0,0.00,0.00,0.00
600814,7.94,46148,-0.08,-1.00,1.49
600812,6.78,178709,0.14,2.11,1.74
600811,8.76,1327312,0.29,3.42,7.96
600810,7.65,81312,0.22,2.96,1.84
600809,21.76,211309,0.79,3.77,2.44
600808,3.03,2302604,0.11,3.77,3.86
600807,10.08,48054,0.13,1.31,1.56
600806,7.86,183941,-0.07,-0.88,4.71
600805,11.61,365613,0.33,2.93,4.31
600804,17.44,220813,0.06,0.35,1.65
600803,13.33,44712,-0.22,-1.62,1.27
600802,8.63,172036,0.02,0.23,4.51
600801,8.98,302716,0.28,3.22,3.12
600800,7.19,145750,0.10,1.41,2.39
600798,5.05,190663,-0.07,-1.37,2.19
600797,8.79,280388,-0.08,-0.90,3.41
600796,7.73,40843,-0.13,-1.65,1.36
600795,3.16,3505197,0.10,3.27,2.28
600794,14.35,91561,-0.44,-2.97,1.99
600793,13.22,5340,-0.17,-1.27,0.51
600792,7.58,39490,0.69,10.01,0.41
600791,6.77,133119,0.01,0.15,2.94
600790,8.61,193049,0.11,1.29,3.12
600789,9.14,207997,-0.09,-0.98,3.58
600787,9.00,341866,-0.05,-0.55,2.03
600785,14.34,57137,-0.03,-0.21,2.75
600784,8.99,384408,-0.29,-3.12,7.74
600783,24.08,258774,0.35,1.47,3.48
600782,5.10,284174,0.23,4.72,2.04
600781,18.90,18341,-0.38,-1.97,1.03
600780,6.40,156724,0.04,0.63,1.37
600779,10.58,275338,0.41,4.03,9.32
600778,9.01,59744,0.05,0.56,1.93
600777,0.00,0,0.00,0.00,0.00
600776,10.18,116245,-0.06,-0.59,1.22
600775,11.72,120888,-0.02,-0.17,1.91
600774,15.79,14876,0.02,0.13,0.85
600773,12.70,107890,0.26,2.09,2.00
600771,25.11,38857,-0.39,-1.53,2.05
600770,9.99,189781,0.00,0.00,1.72
600769,9.33,103380,-0.49,-4.99,2.76
600768,12.42,28914,0.16,1.31,2.16
600767,0.00,0,0.00,0.00,0.00
600766,0.00,0,0.00,0.00,0.00
600765,0.00,0,0.00,0.00,0.00
600764,11.04,37832,-0.18,-1.60,1.15
600763,50.38,10543,0.08,0.16,0.66
600761,12.61,138389,0.32,2.60,2.24
600760,0.00,0,0.00,0.00,0.00
600759,10.54,112728,-0.11,-1.03,0.93
600758,9.73,23445,0.11,1.14,2.04
600757,9.38,176305,0.21,2.29,3.36
600756,24.26,106912,-0.34,-1.38,3.84
600755,10.17,711215,-0.21,-2.02,5.34
600754,0.00,0,0.00,0.00,0.00
600753,14.32,13359,-0.75,-4.98,1.04
600751,11.05,158276,-0.11,-0.99,4.61
600750,20.45,52182,-0.34,-1.64,1.74
600749,0.00,0,0.00,0.00,0.00
600748,11.25,235513,0.28,2.55,2.17
600747,6.78,277581,-0.13,-1.88,2.61
600746,8.72,18093,0.03,0.35,0.59
600745,14.48,26039,-0.30,-2.03,0.80
600744,4.54,228437,0.07,1.57,4.82
600743,4.18,514442,0.12,2.96,2.83
600742,28.57,65125,0.18,0.63,3.08
600741,15.77,212614,0.68,4.51,0.82
600740,6.85,287136,0.18,2.70,4.37
600739,20.60,1294125,0.80,4.04,9.48
600738,7.05,68630,-0.04,-0.56,2.62
600737,7.37,583664,-0.04,-0.54,4.41
600736,5.92,504903,0.16,2.78,4.77
600735,15.79,46973,0.82,5.48,2.25
600734,5.86,59738,-0.05,-0.85,1.70
600733,37.19,12148,0.44,1.20,1.61
600732,7.88,115820,-0.06,-0.76,2.59
600731,9.35,21719,-0.03,-0.32,0.85
600730,12.97,82735,-0.11,-0.84,2.82
600729,22.85,66168,0.29,1.29,1.78
600728,15.32,32222,0.03,0.20,0.89
600727,6.41,49479,-0.06,-0.93,1.41
600726,4.34,126364,0.05,1.17,1.75
600725,5.14,124269,0.05,0.98,2.02
600724,5.75,146208,0.13,2.31,1.01
600723,7.58,75893,0.00,0.00,1.15
600722,5.29,71096,-0.10,-1.86,1.69
600721,10.99,57400,0.10,0.92,4.79
600720,9.11,396510,0.28,3.17,5.11
600719,9.30,26796,-0.17,-1.80,1.32
600718,15.96,377496,-0.16,-0.99,3.08
600717,15.60,308574,0.04,0.26,1.84
600716,8.79,211822,0.11,1.27,2.86
600715,18.58,19133,-0.17,-0.91,0.85
600714,11.43,76048,0.28,2.51,2.78
600713,8.09,98431,-0.09,-1.10,1.42
600712,5.41,79434,0.03,0.56,1.48
600711,0.00,0,0.00,0.00,0.00
600710,4.72,88073,0.00,0.00,1.38
600708,9.52,126614,0.05,0.53,2.49
600707,10.22,138026,-0.15,-1.45,1.88
600706,16.12,21909,-0.21,-1.29,2.56
600705,0.00,0,0.00,0.00,0.00
600704,0.00,0,0.00,0.00,0.00
600703,14.15,220965,0.15,1.07,1.02
600702,16.70,127841,0.44,2.71,3.79
600701,0.00,0,0.00,0.00,0.00
600699,0.00,0,0.00,0.00,0.00
600698,6.51,134395,-0.20,-2.98,3.13
600697,21.70,13869,-0.05,-0.23,0.89
600696,9.38,127545,-0.22,-2.29,3.75
600695,8.05,84322,0.73,9.97,2.56
600694,35.07,67716,0.17,0.49,2.31
600693,8.81,27997,-0.07,-0.79,0.82
600692,11.40,91435,0.05,0.44,3.59
600691,5.33,469169,0.14,2.70,5.20
600690,18.43,541836,0.50,2.79,1.98
600689,0.00,0,0.00,0.00,0.00
600688,4.00,1112320,0.00,0.00,4.66
600687,17.70,89513,-0.18,-1.01,3.64
600686,12.75,36018,0.11,0.87,0.81
600685,30.65,242941,2.46,8.73,5.54
600684,7.18,339073,0.12,1.70,4.77
600683,7.48,128311,0.07,0.94,1.73
600682,16.35,23427,-0.33,-1.98,0.65
600681,0.00,0,0.00,0.00,0.00
600680,17.21,16465,-0.03,-0.17,0.64
600679,14.67,24562,0.43,3.02,1.35
600678,7.34,1925,0.67,10.04,0.06
600677,16.00,145076,-0.28,-1.72,3.64
600676,8.63,107624,-0.06,-0.69,1.38
600675,6.33,628920,0.13,2.10,3.37
600674,17.82,249057,0.78,4.58,1.13
600673,16.72,98204,0.49,3.02,1.19
600671,15.64,14981,-0.23,-1.45,1.23
600668,13.91,97812,0.10,0.72,2.84
600667,5.05,198585,0.05,1.00,1.67
600666,15.56,76905,0.18,1.17,2.65
600665,4.49,185635,0.05,1.13,2.15
600664,8.07,243456,0.13,1.64,2.31
600663,31.31,174666,0.12,0.38,1.29
600662,9.18,181894,-0.09,-0.97,1.73
600661,28.98,78601,-0.46,-1.56,4.53
600660,12.14,343811,0.34,2.88,1.72
600658,13.11,56375,0.06,0.46,0.97
600657,6.54,728070,0.35,5.65,4.78
600656,11.17,61176,-0.30,-2.62,3.21
600655,11.98,126115,0.17,1.44,0.88
600654,10.95,74849,-0.12,-1.08,0.99
600653,3.57,411771,0.04,1.13,2.36
600652,7.73,190305,0.09,1.18,3.42
600651,9.00,159350,-0.05,-0.55,2.16
600650,16.57,60037,0.15,0.91,1.54
600649,0.00,0,0.00,0.00,0.00
600648,32.06,66478,0.23,0.72,0.82
600647,15.65,14254,-0.20,-1.26,1.02
600645,36.67,68293,0.27,0.74,2.10
600644,9.46,158615,-0.65,-6.43,4.86
600643,15.08,605759,-0.11,-0.72,7.41
600642,5.52,519927,0.10,1.85,1.14
600641,5.90,202136,0.11,1.90,2.51
600640,18.79,48878,-0.12,-0.63,2.37
600639,16.57,176964,0.09,0.55,2.69
600638,15.24,65509,0.21,1.40,1.17
600637,40.10,223716,0.81,2.06,2.68
600636,15.02,94726,0.20,1.35,2.48
600635,8.15,911828,0.06,0.74,5.54
600634,13.21,36742,-0.20,-1.49,2.81
600633,18.03,262454,0.60,3.44,2.31
600630,12.51,114840,0.11,0.89,2.70
600629,18.10,52576,-0.95,-4.99,1.51
600628,10.56,95642,-0.02,-0.19,1.80
600626,9.58,156345,0.00,0.00,2.20
600624,15.85,220231,-0.10,-0.63,6.38
600623,0.00,0,0.00,0.00,0.00
600622,8.30,162296,0.09,1.10,3.16
600621,8.20,120722,0.18,2.24,2.30
600620,9.94,105495,0.03,0.30,2.30
600619,0.00,0,0.00,0.00,0.00
600618,8.92,56541,0.12,1.36,0.75
600617,0.00,0,0.00,0.00,0.00
600616,9.50,103532,0.08,0.85,2.36
600615,14.35,45952,-0.46,-3.11,2.45
600614,11.86,107890,0.30,2.60,2.41
600613,18.33,19692,0.26,1.44,1.33
600612,34.06,12364,1.08,3.27,0.39
600611,9.88,589229,0.12,1.23,5.65
600610,8.67,83768,-0.13,-1.48,7.75
600609,4.26,225625,0.02,0.47,2.06
600608,9.47,168683,0.51,5.69,5.30
600606,9.77,194287,0.18,1.88,3.75
600605,14.70,14269,-0.28,-1.87,0.97
600604,12.26,21388,0.02,0.16,0.64
600603,9.37,27223,-0.03,-0.32,1.40
600602,6.70,54418,0.01,0.15,0.62
600601,5.42,594755,-0.02,-0.37,2.71
600600,40.86,47294,0.61,1.52,0.68
600599,30.56,149781,0.32,1.06,11.89
600598,11.58,211098,0.25,2.21,1.19
600597,16.30,161207,-0.01,-0.06,1.32
600596,10.71,261433,0.21,2.00,3.85
600595,6.46,378869,0.44,7.31,2.50
600594,34.40,43618,-0.31,-0.89,1.22
600593,18.88,13805,-0.54,-2.78,1.50
600592,11.42,69543,-0.10,-0.87,1.88
600590,10.41,80736,-0.05,-0.48,1.61
600589,6.28,80856,0.04,0.64,1.34
600588,0.00,0,0.00,0.00,0.00
600587,34.57,49598,-0.07,-0.20,1.42
600586,4.03,304980,0.06,1.51,3.15
600585,18.86,817725,0.47,2.56,2.04
600584,0.00,0,0.00,0.00,0.00
600583,8.25,1598515,0.20,2.48,3.95
600582,11.24,156615,-0.13,-1.14,1.29
600581,5.13,316209,0.10,1.99,4.13
600580,10.70,236192,0.04,0.38,3.43
600579,12.47,44048,-0.07,-0.56,1.72
600578,4.83,693976,0.08,1.68,3.07
600577,7.30,78923,-0.08,-1.08,1.11
600576,19.42,59046,-1.55,-7.39,2.71
600575,0.00,0,0.00,0.00,0.00
600573,9.60,29672,-0.10,-1.03,1.19
600572,0.00,0,0.00,0.00,0.00
600571,0.00,0,0.00,0.00,0.00
600570,55.01,95878,-1.98,-3.47,1.55
600569,0.00,0,0.00,0.00,0.00
600568,14.76,34856,0.02,0.14,1.85
600567,2.80,1208088,0.08,2.94,5.55
600566,0.00,0,0.00,0.00,0.00
600565,4.81,150684,0.09,1.91,2.09
600563,30.40,23144,0.16,0.53,1.03
600562,36.65,34877,-0.53,-1.43,2.64
600561,13.82,36232,0.22,1.62,1.53
600560,13.68,30832,-0.05,-0.36,1.38
600559,31.70,3815,2.88,9.99,0.27
600558,15.45,54109,-0.07,-0.45,2.01
600557,25.09,62761,-0.10,-0.40,1.70
600556,13.04,162091,-0.81,-5.85,4.11
600555,5.42,179966,-0.05,-0.91,1.85
600552,0.00,0,0.00,0.00,0.00
600551,18.51,71456,0.48,2.66,1.41
600550,7.12,72688,-0.05,-0.70,0.53
600549,34.61,208752,2.28,7.05,3.06
600548,6.68,123801,0.03,0.45,0.86
600547,20.71,597283,1.12,5.72,4.20
600546,5.73,888911,0.19,3.43,4.48
600545,10.11,212425,0.06,0.60,3.14
600543,9.33,54167,0.07,0.76,1.69
600540,9.23,89989,0.12,1.32,2.97
600539,8.54,51801,-0.06,-0.70,2.25
600538,9.68,30166,-0.05,-0.51,1.08
600537,17.68,162919,-0.06,-0.34,3.35
600536,31.38,245275,-0.51,-1.60,5.43
600535,41.49,80710,0.01,0.02,0.78
600533,4.37,181325,0.11,2.58,1.73
600532,10.99,71569,0.25,2.33,4.33
600531,15.02,156399,1.37,10.04,5.30
600530,12.68,64957,-0.03,-0.24,2.08
600529,13.04,39582,-0.15,-1.14,1.54
600528,7.91,329598,-0.01,-0.13,2.26
600527,5.34,210846,0.05,0.95,2.63
600526,14.85,125601,-0.09,-0.60,3.09
600525,0.00,0,0.00,0.00,0.00
600523,16.82,34295,0.02,0.12,1.19
600522,16.10,149781,0.13,0.81,2.13
600521,14.65,70649,0.18,1.24,0.90
600520,16.47,23644,-0.14,-0.84,2.09
600519,164.64,75045,3.50,2.17,0.66
600518,16.25,464745,0.21,1.31,2.11
600517,0.00,0,0.00,0.00,0.00
600516,10.75,361777,0.18,1.70,2.10
600515,9.57,106781,0.10,1.06,3.61
600513,16.49,50695,-0.64,-3.74,3.33
600512,3.99,225834,0.09,2.31,3.06
600511,29.29,14858,-0.46,-1.55,0.54
600510,0.00,0,0.00,0.00,0.00
600509,10.06,201705,0.04,0.40,2.40
600508,10.86,132545,0.23,2.16,1.83
600507,4.79,377341,0.12,2.57,2.85
600506,13.16,31612,-0.17,-1.28,2.14
600505,12.00,44824,-0.07,-0.58,1.23
600503,6.56,372604,0.07,1.08,3.39
600502,11.97,180520,-0.15,-1.24,3.60
600501,13.80,46402,0.12,0.88,1.19
600500,8.98,179577,0.13,1.47,1.04
600499,0.00,0,0.00,0.00,0.00
600498,15.98,81320,-0.18,-1.11,0.84
600497,12.26,612648,0.84,7.36,3.67
600496,9.35,60239,-0.01,-0.11,1.03
600495,25.68,254788,0.44,1.74,4.16
600493,9.05,74228,-0.28,-3.00,2.73
600491,4.55,230809,0.10,2.25,2.44
600490,13.71,167233,0.04,0.29,1.99
600489,10.12,1148523,0.45,4.65,3.90
600488,6.09,119570,0.03,0.50,1.34
600487,0.00,0,0.00,0.00,0.00
600486,26.96,42877,-0.74,-2.67,1.66
600485,35.16,33630,-0.60,-1.68,2.43
600483,10.58,85792,0.34,3.32,2.97
600482,14.28,73032,-0.09,-0.63,1.39
600481,11.56,121116,0.14,1.23,1.50
600480,14.84,102092,-0.42,-2.75,2.82
600479,16.42,28950,-0.02,-0.12,0.95
600478,24.80,48710,0.26,1.06,1.03
600477,6.33,76902,0.09,1.44,1.66
600476,21.20,42785,-0.51,-2.35,2.66
600475,16.30,37788,0.17,1.05,1.48
600470,7.05,189525,0.17,2.47,3.63
600469,13.14,76217,-0.24,-1.79,2.03
600468,14.59,43315,-0.13,-0.88,0.95
600467,6.49,174651,0.05,0.78,2.39
600466,6.57,101438,0.00,0.00,2.31
600463,11.58,61777,0.43,3.86,2.45
600462,6.72,19739,-0.04,-0.59,0.37
600461,11.24,126132,-0.24,-2.09,3.82
600460,6.46,143895,0.06,0.94,1.15
600459,19.99,157149,1.01,5.32,6.02
600458,0.00,0,0.00,0.00,0.00
600456,19.07,143085,0.84,4.61,3.33
600455,24.00,79198,-1.26,-4.99,15.93
600452,15.73,14221,-0.21,-1.32,0.89
600449,10.75,113282,0.18,1.70,4.52
600448,6.15,68289,-0.16,-2.54,2.14
600446,60.50,37334,-1.94,-3.11,1.41
600444,15.53,23050,-0.86,-5.25,2.20
600439,5.01,202954,0.02,0.40,2.15
600438,9.90,47986,0.10,1.02,0.70
600436,90.50,29875,1.27,1.42,1.86
600435,25.05,130922,-0.23,-0.91,1.76
600433,12.19,99240,-0.12,-0.97,0.83
600432,16.59,314436,1.07,6.89,3.88
600429,9.22,80542,0.01,0.11,0.91
600428,5.59,358653,-0.08,-1.41,2.12
600426,9.78,329238,0.04,0.41,3.45
600425,6.39,189316,0.02,0.31,1.37
600423,5.79,22690,-0.05,-0.86,0.57
600422,0.00,0,0.00,0.00,0.00
600421,0.00,0,0.00,0.00,0.00
600420,22.70,35111,-0.62,-2.66,1.22
600419,23.34,9098,-0.12,-0.51,1.13
600418,11.90,362743,0.34,2.94,3.39
600416,11.25,58331,0.18,1.63,0.96
600415,10.25,357773,-0.09,-0.87,1.31
600410,26.38,238758,-1.36,-4.90,3.75
600409,6.79,555161,0.20,3.03,3.32
600408,3.78,491523,0.09,2.44,4.88
600406,16.17,342937,0.26,1.63,1.55
600405,11.74,90351,-0.08,-0.68,2.13
600403,7.10,211587,0.25,3.65,0.89
600401,8.27,121103,-0.09,-1.08,3.41
600400,6.08,146348,-0.16,-2.56,2.61
600399,22.11,63389,0.48,2.22,1.40
600398,10.84,59531,-0.33,-2.95,0.92
600397,5.75,324631,0.19,3.42,5.03
600396,0.00,0,0.00,0.00,0.00
600395,11.28,409286,0.44,4.06,2.47
600393,8.18,47349,-0.08,-0.97,1.64
600392,23.41,195723,1.72,7.93,12.50
600391,26.26,103588,-0.16,-0.61,3.14
600390,14.14,119698,0.40,2.91,3.13
600389,30.40,21351,-0.14,-0.46,1.08
600388,28.58,104671,-0.04,-0.14,2.45
600387,13.99,79590,-0.16,-1.13,2.06
600386,12.16,80556,0.21,1.76,2.00
600385,13.57,10609,-0.20,-1.45,0.74
600383,9.84,500609,0.42,4.46,1.11
600382,13.60,172106,0.37,2.80,5.04
600381,21.93,17125,-0.02,-0.09,0.92
600380,7.57,133710,-0.09,-1.17,0.86
600379,0.00,0,0.00,0.00,0.00
600378,14.13,22839,-0.14,-0.98,0.77
600377,6.64,117938,0.04,0.61,0.31
600376,7.34,813056,0.19,2.66,3.63
600375,13.10,102919,0.28,2.18,2.07
600373,15.14,192455,0.38,2.57,1.62
600372,25.89,79491,0.21,0.82,0.45
600371,13.04,46202,0.20,1.56,2.26
600370,7.38,44007,-0.06,-0.81,1.38
600369,0.00,0,0.00,0.00,0.00
600368,6.23,149817,0.04,0.65,1.80
600367,11.71,112937,0.21,1.83,3.88
600366,18.25,325766,0.68,3.87,6.33
600365,0.00,0,0.00,0.00,0.00
600363,11.27,92552,-0.11,-0.97,2.19
600362,17.25,768669,1.57,10.01,3.70
600361,6.24,79707,0.05,0.81,1.20
600360,5.50,116965,0.07,1.29,1.58
600359,11.78,148698,0.31,2.70,4.63
600358,8.24,54110,-0.23,-2.72,1.25
600356,8.19,24767,0.01,0.12,0.98
600355,8.58,30193,-0.14,-1.61,1.23
600354,8.38,195122,0.03,0.36,4.36
600353,9.35,48023,0.08,0.86,1.77
600352,15.65,643410,0.57,3.78,4.21
600351,9.73,75126,0.01,0.10,1.19
600350,4.27,221439,0.04,0.95,0.46
600348,8.08,635530,0.20,2.54,2.64
600346,0.00,0,0.00,0.00,0.00
600345,17.79,22438,-0.23,-1.28,1.13
600343,16.75,221237,0.00,0.00,3.85
600340,37.79,109742,0.24,0.64,0.83
600339,6.42,76694,-0.01,-0.16,1.33
600338,14.93,39885,0.46,3.18,2.52
600337,9.36,40157,-0.22,-2.30,0.63
600336,6.44,131961,0.04,0.62,1.94
600335,20.89,33231,-0.04,-0.19,0.59
600333,8.49,112583,0.02,0.24,2.27
600332,27.21,168921,0.21,0.78,1.63
600331,6.72,497025,0.31,4.84,4.82
600330,10.57,125792,0.16,1.54,2.14
600329,15.40,43741,0.05,0.33,0.82
600328,10.24,48698,0.03,0.29,1.36
600327,8.56,203419,-0.27,-3.06,3.90
600326,7.95,135666,0.06,0.76,2.48
600325,12.82,381844,0.00,0.00,4.67
600323,14.39,73064,-0.04,-0.28,1.50
600322,4.47,369691,0.08,1.82,3.34
600321,3.34,411418,0.05,1.52,3.48
600320,5.62,514175,0.12,2.18,1.86
600319,6.43,152578,-0.20,-3.02,4.83
600318,0.00,0,0.00,0.00,0.00
600317,4.57,539844,-0.02,-0.44,1.64
600316,26.58,146405,-0.10,-0.37,2.04
600315,36.68,188836,0.99,2.77,2.86
600313,11.39,80200,0.11,0.98,2.64
600312,14.54,129761,0.04,0.28,1.58
600311,6.48,381404,0.25,4.01,5.73
600310,20.32,92577,0.74,3.78,3.36
600309,18.73,356552,0.62,3.42,1.65
600308,4.48,329435,0.14,3.23,2.82
600307,3.51,258312,0.08,2.33,0.41
600306,11.11,9643,-0.01,-0.09,0.54
600305,17.00,42392,0.40,2.41,1.67
600303,6.00,77913,0.04,0.67,1.36
600302,7.02,34613,-0.06,-0.85,1.00
600301,9.28,29817,-0.39,-4.03,1.27
600300,5.71,258468,-0.03,-0.52,1.55
600299,8.64,36351,-0.13,-1.48,0.70
600298,19.99,52325,0.19,0.96,1.64
600297,0.00,0,0.00,0.00,0.00
600295,9.02,99347,0.14,1.58,1.62
600293,7.74,88833,0.02,0.26,2.58
600292,23.00,87237,-0.29,-1.25,1.70
600291,19.89,444641,0.30,1.53,11.58
600290,0.00,0,0.00,0.00,0.00
600289,12.42,565430,-0.02,-0.16,9.97
600288,0.00,0,0.00,0.00,0.00
600287,10.30,87989,-0.41,-3.83,2.01
600285,8.50,132386,0.03,0.35,2.89
600284,11.24,252224,0.05,0.45,3.82
600283,14.90,157188,-0.21,-1.39,5.51
600282,0.00,0,0.00,0.00,0.00
600281,6.79,73812,-0.12,-1.74,1.43
600280,13.16,164541,0.88,7.17,2.87
600279,13.62,68206,-0.08,-0.58,1.99
600278,11.82,96666,0.14,1.20,1.85
600277,8.54,514655,0.29,3.52,2.46
600276,37.26,121706,0.51,1.39,0.81
600275,5.81,163813,0.17,3.01,3.22
600273,8.83,87968,0.06,0.68,2.79
600272,13.84,29648,-0.27,-1.91,1.85
600271,28.84,128845,-0.13,-0.45,1.40
600270,16.46,147086,0.48,3.00,4.45
600269,4.72,687358,0.07,1.51,2.94
600268,6.85,59627,-0.01,-0.15,0.94
600267,16.83,95031,-0.06,-0.36,1.13
600266,15.32,551648,0.77,5.29,5.17
600265,12.35,7928,-0.10,-0.80,0.61
600262,20.92,32534,-0.06,-0.29,1.91
600261,9.43,166247,0.15,1.62,1.72
600260,10.01,120450,-0.18,-1.77,2.28
600259,53.10,145363,4.83,10.01,5.83
600258,0.00,0,0.00,0.00,0.00
600257,7.88,112143,0.02,0.25,2.63
600256,8.16,1210649,0.19,2.38,3.97
600255,5.64,1230584,0.19,3.49,7.87
600252,15.34,292417,-0.07,-0.45,2.68
600251,20.68,101454,0.39,1.92,2.80
600250,0.00,0,0.00,0.00,0.00
600249,7.37,107451,-0.07,-0.94,2.39
600248,9.02,42241,0.01,0.11,1.01
600247,7.56,64007,-0.04,-0.53,1.90
600246,4.59,222061,0.42,10.07,1.82
600243,9.01,40895,0.24,2.74,1.73
600242,0.00,0,0.00,0.00,0.00
600241,0.00,0,0.00,0.00,0.00
600240,0.00,0,0.00,0.00,0.00
600239,6.71,290794,0.18,2.76,3.53
600238,0.00,0,0.00,0.00,0.00
600237,7.26,140775,-0.06,-0.82,2.49
600236,4.73,191721,0.04,0.85,1.70
600235,7.39,39521,0.09,1.23,1.12
600234,0.00,0,0.00,0.00,0.00
600233,13.07,20014,-0.10,-0.76,1.21
600232,7.15,26266,-0.14,-1.92,0.72
600231,4.73,77912,0.08,1.72,0.97
600230,11.73,58771,0.11,0.95,2.00
600229,0.00,0,0.00,0.00,0.00
600228,11.04,31017,-0.04,-0.36,1.29
600227,0.00,0,0.00,0.00,0.00
600226,8.75,67832,0.05,0.57,1.67
600225,8.41,87364,0.01,0.12,1.41
600223,5.71,167571,0.05,0.88,1.67
600222,7.58,68470,0.05,0.66,1.38
600221,3.11,4271575,-0.08,-2.51,3.62
600220,4.05,254551,0.06,1.50,1.43
600219,8.66,789762,0.42,5.10,4.08
600218,11.62,70686,-0.17,-1.44,2.49
600217,7.55,161976,-0.20,-2.58,2.45
600216,11.12,234229,0.21,1.92,2.50
600215,6.16,69340,0.07,1.15,1.49
600213,13.57,20638,-0.37,-2.65,0.94
600212,10.65,208064,-0.35,-3.18,4.07
600211,39.40,28579,-2.36,-5.65,2.50
600210,5.11,219569,0.00,0.00,1.53
600209,11.26,316872,0.17,1.53,8.44
600208,6.82,1691588,0.53,8.43,2.70
600207,0.00,0,0.00,0.00,0.00
600206,13.62,198376,0.41,3.10,4.56
600203,0.00,0,0.00,0.00,0.00
600202,7.16,98206,0.12,1.70,2.56
600201,35.75,18009,-0.50,-1.38,0.64
600200,13.29,151625,-0.23,-1.70,2.90
600199,11.48,440506,0.57,5.22,7.93
600198,17.06,67903,0.26,1.55,1.46
600197,12.11,162499,0.30,2.54,3.68
600196,21.26,340530,0.53,2.56,1.79
600195,16.35,80899,0.13,0.80,1.88
600193,8.75,211222,0.40,4.79,4.97
600192,11.36,93690,-0.19,-1.65,2.12
600191,9.20,156877,0.19,2.11,3.24
600190,5.33,64331,0.04,0.76,0.48
600189,9.73,113458,-0.02,-0.21,3.65
600188,12.25,346668,0.38,3.20,1.17
600187,6.76,1466803,-0.23,-3.29,10.08
600186,3.93,683188,-0.12,-2.96,6.43
600185,19.56,158317,0.72,3.82,2.74
600184,29.06,20742,-0.26,-0.89,0.99
600183,7.16,111795,0.04,0.56,0.79
600182,17.72,34514,-0.26,-1.45,2.03
600180,12.21,89170,-0.17,-1.37,3.45
600179,0.00,0,0.00,0.00,0.00
600178,6.28,38158,-0.15,-2.33,0.83
600177,10.20,730472,0.17,1.69,3.28
600176,13.66,124248,0.56,4.27,1.42
600175,0.00,0,0.00,0.00,0.00
600173,5.03,171203,0.14,2.86,2.36
600172,8.55,109482,-0.01,-0.12,2.20
600171,11.11,146672,-0.19,-1.68,2.18
600170,6.48,580943,0.06,0.93,5.28
600169,6.32,852695,-0.07,-1.10,3.52
600168,11.62,137026,-0.22,-1.86,2.41
600167,14.45,19776,-0.12,-0.82,0.94
600166,6.25,712568,0.12,1.96,2.81
600165,10.40,51544,-0.37,-3.44,2.66
600163,4.60,2554,0.42,10.05,0.04
600162,6.80,182807,0.10,1.49,2.38
600161,27.83,53224,0.18,0.65,1.03
600160,6.84,300375,0.10,1.48,1.66
600159,4.35,348905,0.12,2.84,4.20
600158,15.03,198427,0.10,0.67,3.02
600157,4.81,2000293,0.15,3.22,6.64
600156,7.61,67822,0.05,0.66,1.69
600155,12.01,218953,-0.42,-3.38,5.31
600153,8.27,568948,0.10,1.22,2.01
600152,8.30,66747,-0.14,-1.66,2.27
600151,9.75,182650,0.01,0.10,1.52
600150,36.89,323676,0.61,1.68,2.35
600149,16.45,288312,0.03,0.18,7.58
600148,20.75,27981,-0.14,-0.67,1.98
600146,17.54,39572,0.51,2.99,1.98
600145,4.86,76036,-0.13,-2.61,2.01
600143,6.54,516107,-0.03,-0.46,2.02
600141,14.70,169226,0.46,3.23,4.16
600139,0.00,0,0.00,0.00,0.00
600138,16.89,115253,0.03,0.18,1.85
600137,18.94,17135,0.23,1.23,1.76
600136,0.00,0,0.00,0.00,0.00
600135,13.90,93499,-0.17,-1.21,2.73
600133,9.40,178590,0.06,0.64,3.32
600132,17.06,68226,0.00,0.00,1.41
600131,6.69,120480,-0.12,-1.76,3.03
600130,5.63,138647,-0.02,-0.35,1.81
600129,15.17,77369,-0.76,-4.77,1.81
600128,13.84,88967,-0.35,-2.47,3.61
600127,6.06,115826,0.07,1.17,2.13
600126,5.95,74960,0.11,1.88,0.89
600125,8.27,438704,0.27,3.38,3.36
600123,10.13,489248,0.27,2.74,4.28
600122,7.07,402687,0.07,1.00,3.55
600121,5.74,198063,0.08,1.41,2.84
600120,17.88,111533,0.00,0.00,2.21
600119,15.85,131820,-0.53,-3.24,4.29
600118,21.62,151550,0.19,0.89,1.28
600117,5.17,282167,0.13,2.58,3.81
600116,13.37,100534,-0.25,-1.84,3.76
600115,5.70,1512336,-0.19,-3.23,1.94
600114,15.36,19809,0.04,0.26,1.19
600113,0.00,0,0.00,0.00,0.00
600112,0.00,0,0.00,0.00,0.00
600111,24.62,1517904,1.69,7.37,10.26
600110,6.93,496238,0.07,1.02,4.31
600109,19.00,1580654,0.70,3.83,6.11
600108,9.48,1917553,0.22,2.38,9.85
600107,8.44,199312,-0.16,-1.86,5.54
600106,5.23,341237,0.02,0.38,3.76
600105,0.00,0,0.00,0.00,0.00
600104,20.80,494004,1.08,5.48,0.53
600103,0.00,0,0.00,0.00,0.00
600101,9.50,68385,0.07,0.74,2.11
600100,12.69,632020,0.31,2.50,3.05
600099,9.26,34108,-0.15,-1.59,1.56
600098,7.06,199892,0.20,2.92,0.82
600097,14.05,14408,-0.25,-1.75,0.71
600096,0.00,0,0.00,0.00,0.00
600095,6.86,72835,-0.06,-0.87,2.02
600094,7.89,48362,0.15,1.94,0.37
600093,10.83,68290,-0.02,-0.18,2.12
600091,0.00,0,0.00,0.00,0.00
600090,0.00,0,0.00,0.00,0.00
600089,10.80,1452220,0.42,4.05,4.59
600088,21.38,71068,0.69,3.33,2.14
600086,25.26,24353,-0.12,-0.47,0.69
600085,20.92,128122,0.36,1.75,0.98
600084,5.78,99022,0.13,2.30,1.22
600083,11.68,37450,-0.44,-3.63,1.66
600082,7.40,267323,0.20,2.78,4.24
600081,15.78,29375,-0.22,-1.38,0.94
600080,11.49,52467,-0.19,-1.63,1.72
600079,26.37,102498,0.18,0.69,2.03
600078,8.90,39333,-0.07,-0.78,0.59
600077,6.62,159690,-0.01,-0.15,1.46
600076,7.93,59631,0.11,1.41,1.63
600075,6.91,31794,-0.02,-0.29,0.72
600074,6.19,126761,-0.02,-0.32,1.41
600073,9.28,169536,0.06,0.65,2.19
600072,13.37,66050,-0.05,-0.37,1.38
600071,13.47,40393,-0.40,-2.88,1.70
600070,9.73,83688,-0.13,-1.32,3.05
600069,5.05,129398,0.03,0.60,1.57
600068,5.99,778270,0.01,0.17,2.23
600067,7.80,507078,-0.09,-1.14,4.26
600066,19.12,252657,0.53,2.85,2.03
600064,17.49,150988,0.09,0.52,2.92
600063,4.62,538303,0.08,1.76,3.59
600062,21.24,91796,0.21,1.00,1.61
600061,20.22,25995,1.84,10.01,0.61
600060,11.92,511418,0.24,2.05,3.91
600059,8.96,287591,0.09,1.01,3.56
600058,15.47,393914,0.78,5.31,3.67
600057,11.06,98577,-0.02,-0.18,3.40
600056,14.36,233266,0.42,3.01,2.64
600055,22.15,17322,-0.83,-3.61,0.80
600054,14.96,37558,0.10,0.67,3.19
600053,0.00,0,0.00,0.00,0.00
600052,7.33,85524,0.05,0.69,0.98
600051,10.33,92099,0.01,0.10,3.05
600050,4.13,3607465,0.00,0.00,1.70
600048,7.61,3569652,0.41,5.69,3.33
600039,5.47,487920,0.08,1.48,4.46
600038,36.42,68842,-0.42,-1.14,1.73
600037,15.22,158643,0.41,2.77,1.49
600036,12.80,2530629,0.10,0.79,1.23
600035,4.40,123159,0.01,0.23,1.02
600033,3.33,477345,0.03,0.91,1.74
600031,7.11,1440247,0.19,2.75,1.90
600030,19.51,4963980,0.71,3.78,5.06
600029,4.79,1992582,-0.06,-1.24,2.84
600028,5.67,4093718,0.04,0.71,0.45
600027,4.97,1000295,0.13,2.69,1.70
600026,7.03,176302,-0.07,-0.99,0.84
600023,6.34,550931,0.13,2.09,6.97
600022,2.84,1627559,0.14,5.19,3.05
600021,6.96,339352,0.03,0.43,1.59
600020,3.54,376267,0.08,2.31,1.67
600019,5.80,1826088,0.27,4.88,1.11
600018,5.92,1003421,0.12,2.07,0.44
600017,4.19,649566,0.02,0.48,2.47
600016,8.38,12050390,0.47,5.94,4.45
600015,11.21,2213012,0.03,0.27,3.41
600012,5.52,65061,-0.01,-0.18,0.56
600011,6.92,718901,0.13,1.91,0.68
600010,3.51,8415371,0.22,6.69,5.35
600009,17.62,173441,0.24,1.38,1.59
600008,9.10,1240515,0.49,5.69,5.64
600007,14.40,78504,0.21,1.48,0.78
600006,5.76,279859,0.23,4.16,1.40
600005,3.05,2071225,0.10,3.39,2.05
600004,10.01,104334,-0.06,-0.60,0.91
600000,12.65,4618592,-0.22,-1.71,3.09
300409,24.91,101,7.61,43.99,0.06
300408,42.32,475,12.93,43.99,0.10
300407,32.17,162,9.83,44.00,0.10
300406,95.20,40818,-3.60,-3.64,16.71
300405,60.18,17804,-2.17,-3.48,10.47
300403,58.19,31486,-1.98,-3.29,9.26
300402,25.35,145587,0.98,4.02,28.55
300401,47.75,66523,0.82,1.75,29.31
300400,46.50,78211,3.84,9.00,39.11
300399,67.80,43375,-4.25,-5.90,21.69
300398,70.21,19963,-1.78,-2.47,9.98
300397,92.00,18155,-1.95,-2.08,6.05
300396,94.28,11656,-2.17,-2.25,7.60
300395,70.34,13714,-1.41,-1.97,8.47
300393,49.70,16192,-0.74,-1.47,6.89
300392,129.15,28496,-8.15,-5.94,17.81
300391,44.99,12697,0.20,0.45,7.62
300390,47.40,20682,0.41,0.87,13.27
300389,86.15,8077,-0.26,-0.30,5.22
300388,54.50,24686,-0.50,-0.91,11.19
300387,59.98,10305,-0.90,-1.48,7.93
300386,140.30,15730,-4.80,-3.31,7.86
300385,55.75,15184,-1.05,-1.85,7.59
300384,89.35,9577,-1.81,-1.99,7.18
300383,55.58,21318,-1.41,-2.47,7.81
300382,71.40,7163,-0.99,-1.37,5.38
300381,38.38,72921,-0.82,-2.09,31.84
300380,88.90,19197,-5.50,-5.83,11.17
300379,94.42,6456,-2.83,-2.91,5.02
300378,50.48,21811,-2.51,-4.74,5.59
300377,61.05,43748,-2.95,-4.61,15.79
300376,43.92,66724,-2.38,-5.14,14.90
300375,50.99,14781,-0.68,-1.32,6.66
300373,30.45,33934,-0.64,-2.06,8.24
300372,0.00,0,0.00,0.00,0.00
300371,33.28,13419,-0.47,-1.39,5.59
300370,0.00,0,0.00,0.00,0.00
300369,73.57,11854,-0.03,-0.04,3.50
300368,41.24,25435,-2.93,-6.63,8.22
300367,122.40,5036,-3.60,-2.86,1.71
300366,64.00,17578,-4.20,-6.16,12.30
300365,42.01,15379,-1.78,-4.06,7.07
300363,82.97,5666,-1.77,-2.09,2.08
300362,29.40,14997,-0.47,-1.57,5.84
300360,27.35,71159,0.01,0.04,11.93
300359,0.00,0,0.00,0.00,0.00
300358,48.27,14913,-0.67,-1.37,5.11
300357,41.83,16626,-1.16,-2.70,4.12
300356,0.00,0,0.00,0.00,0.00
300355,16.93,56344,-0.07,-0.41,2.74
300354,29.01,10615,-0.64,-2.16,3.79
300353,22.18,57449,-0.83,-3.61,6.46
300352,0.00,0,0.00,0.00,0.00
300351,45.49,11627,-0.21,-0.46,2.74
300350,0.00,0,0.00,0.00,0.00
300349,31.20,10657,-0.65,-2.04,2.37
300348,110.40,5579,-2.48,-2.20,4.29
300347,32.95,25335,-0.58,-1.73,2.15
300346,37.52,8821,-0.26,-0.69,2.46
300345,23.36,29731,0.37,1.61,4.81
300344,9.35,41692,-0.12,-1.27,4.00
300343,0.00,0,0.00,0.00,0.00
300342,18.43,46372,-0.66,-3.46,6.97
300341,0.00,0,0.00,0.00,0.00
300340,22.51,23014,-0.60,-2.60,3.17
300339,26.68,73843,-1.48,-5.26,5.73
300338,20.30,14771,-0.10,-0.49,3.06
300337,15.35,58475,0.45,3.02,3.92
300336,31.80,37969,0.73,2.35,5.13
300335,14.65,53576,-0.50,-3.30,3.32
300334,23.88,51091,-0.49,-2.01,4.86
300333,35.30,56005,-1.36,-3.71,6.90
300332,0.00,0,0.00,0.00,0.00
300331,41.57,10819,-0.72,-1.70,1.97
300330,14.18,16686,-0.14,-0.98,1.49
300329,20.72,23691,-0.42,-1.99,3.45
300328,37.58,9047,-0.26,-0.69,3.23
300327,16.50,39636,-0.44,-2.60,3.71
300326,29.72,41812,-1.38,-4.44,8.32
300325,9.47,38877,-0.15,-1.56,2.05
300324,0.00,0,0.00,0.00,0.00
300323,11.60,45331,-0.11,-0.94,2.28
300322,25.84,38445,-0.34,-1.30,3.56
300321,61.84,4518,-0.28,-0.45,2.51
300320,19.35,11377,-0.20,-1.02,1.64
300319,0.00,0,0.00,0.00,0.00
300318,0.00,0,0.00,0.00,0.00
300317,26.23,9077,-0.14,-0.53,1.68
300316,25.23,16546,-0.73,-2.81,1.24
300315,0.00,0,0.00,0.00,0.00
300314,28.72,10674,-0.04,-0.14,2.46
300313,0.00,0,0.00,0.00,0.00
300312,25.70,67469,-0.26,-1.00,10.55
300311,28.96,25030,-0.36,-1.23,6.60
300310,19.53,35291,-0.80,-3.94,6.17
300309,21.27,13724,-0.52,-2.39,1.86
300308,11.08,66549,-0.17,-1.51,5.91
300307,10.81,45180,0.03,0.28,3.70
300306,34.45,14111,1.03,3.08,3.81
300305,23.50,8675,0.35,1.51,2.41
300304,17.16,33977,-0.27,-1.55,5.31
300303,19.85,33107,-0.43,-2.12,2.32
300302,30.20,22787,-0.93,-2.99,5.54
300301,16.85,8789,-0.10,-0.59,0.96
300300,25.04,17260,-0.39,-1.53,2.01
300299,12.22,357,1.11,9.99,0.05
300298,38.26,10366,-0.49,-1.26,1.66
300297,21.87,30747,-0.21,-0.95,2.78
300296,0.00,0,0.00,0.00,0.00
300295,0.00,0,0.00,0.00,0.00
300294,74.81,11624,-2.55,-3.30,3.65
300293,21.35,109192,-0.22,-1.02,16.18
300292,0.00,0,0.00,0.00,0.00
300291,31.00,32760,1.46,4.94,2.26
300290,27.95,32642,-1.55,-5.25,5.73
300289,34.80,18163,-0.99,-2.77,3.26
300288,157.45,4206,-3.55,-2.20,1.57
300287,27.08,93081,-0.03,-0.11,7.94
300286,24.97,11479,-0.41,-1.62,3.25
300285,36.15,10067,-1.00,-2.69,3.12
300284,11.42,54602,-0.22,-1.89,2.00
300283,19.11,18592,-0.11,-0.57,4.45
300282,32.40,10124,-0.49,-1.49,4.29
300281,21.90,10730,-0.20,-0.90,2.04
300280,0.00,0,0.00,0.00,0.00
300279,29.43,29360,0.24,0.82,5.17
300278,0.00,0,0.00,0.00,0.00
300277,16.88,14065,-0.73,-4.15,3.18
300276,14.24,109829,-0.47,-3.20,8.49
300275,20.59,28349,-0.27,-1.29,2.70
300274,17.35,104046,0.00,0.00,2.29
300273,21.42,84083,-0.24,-1.11,2.27
300272,19.51,52735,-0.19,-0.96,3.47
300271,0.00,0,0.00,0.00,0.00
300270,22.80,9434,-0.12,-0.52,1.49
300269,34.21,8071,0.37,1.09,1.17
300268,0.00,0,0.00,0.00,0.00
300267,40.16,54787,-0.72,-1.76,2.40
300266,47.99,10019,0.49,1.03,1.93
300265,0.00,0,0.00,0.00,0.00
300264,11.52,75339,-0.31,-2.62,4.64
300263,18.69,45064,-0.21,-1.11,2.54
300262,19.24,76789,-0.41,-2.09,4.88
300261,15.80,12306,-0.41,-2.53,0.43
300260,19.50,17195,0.28,1.46,3.64
300259,17.69,69127,1.44,8.86,4.86
300258,20.02,11284,-0.42,-2.05,0.68
300257,36.00,14952,0.33,0.93,0.37
300256,0.00,0,0.00,0.00,0.00
300255,27.84,14194,0.29,1.05,1.15
300254,37.59,47764,-2.41,-6.02,5.82
300253,63.37,52862,-2.35,-3.58,3.78
300252,0.00,0,0.00,0.00,0.00
300251,20.05,226839,1.07,5.64,4.27
300250,47.35,22789,-2.65,-5.30,7.30
300249,16.72,16882,-0.50,-2.90,1.74
300248,0.00,0,0.00,0.00,0.00
300247,10.02,52676,0.08,0.80,3.18
300246,26.50,45258,-1.10,-3.99,4.36
300245,22.22,41683,-0.30,-1.33,3.94
300244,0.00,0,0.00,0.00,0.00
300243,9.20,57292,0.11,1.21,4.31
300242,0.00,0,0.00,0.00,0.00
300241,14.08,31763,-0.32,-2.22,2.15
300240,13.97,13830,-0.06,-0.43,0.85
300239,14.73,40426,0.06,0.41,3.30
300238,66.20,16719,-1.98,-2.90,1.96
300237,31.10,7475,-0.19,-0.61,1.77
300236,36.63,5355,-0.35,-0.95,0.57
300235,18.92,33475,-0.41,-2.12,3.77
300234,15.96,34292,-0.45,-2.74,2.54
300233,45.34,11554,-1.41,-3.02,0.95
300232,16.55,28285,-0.10,-0.60,2.27
300231,17.49,88462,-0.50,-2.78,5.68
300230,12.30,15649,-0.20,-1.60,1.55
300229,23.60,21776,-0.30,-1.26,1.06
300228,49.04,20878,0.71,1.47,1.97
300227,21.03,75189,-0.86,-3.93,5.61
300226,72.15,18492,0.30,0.42,1.38
300225,11.25,60501,-0.12,-1.06,3.37
300224,0.00,0,0.00,0.00,0.00
300223,42.88,37732,-2.25,-4.99,6.61
300222,43.27,29128,-2.98,-6.44,3.69
300221,15.66,42259,-0.69,-4.22,2.57
300220,33.06,27886,-0.72,-2.13,4.27
300219,13.16,66057,-0.21,-1.57,6.20
300218,11.85,15389,-0.18,-1.50,0.94
300217,10.38,84229,-0.07,-0.67,3.92
300216,0.00,0,0.00,0.00,0.00
300215,8.87,68915,-0.11,-1.22,1.44
300214,6.27,61945,-0.01,-0.16,2.31
300213,28.50,61696,-1.30,-4.36,5.13
300212,33.98,235447,0.00,0.00,7.92
300211,26.24,12301,0.23,0.88,2.60
300210,14.46,11940,-0.42,-2.82,1.09
300209,23.06,17415,0.01,0.04,1.09
300208,13.98,166699,0.48,3.56,8.75
300207,29.04,52943,-1.11,-3.68,3.92
300206,19.65,71511,-1.12,-5.39,6.47
300205,18.68,80749,-0.15,-0.80,1.90
300204,27.95,8329,-0.12,-0.43,0.35
300203,19.71,89731,-0.79,-3.85,2.02
300202,31.47,23457,-0.02,-0.06,0.43
300201,7.85,83801,-0.14,-1.75,2.39
300200,14.20,47662,-0.10,-0.70,5.05
300199,32.98,27507,-1.14,-3.34,1.38
300198,0.00,0,0.00,0.00,0.00
300197,14.16,50674,-0.08,-0.56,1.73
300196,20.41,8156,0.00,0.00,0.75
300195,34.62,19527,0.37,1.08,3.60
300194,22.90,12418,-0.29,-1.25,0.96
300193,16.69,48653,-0.33,-1.94,3.20
300192,0.00,0,0.00,0.00,0.00
300191,21.83,25042,0.12,0.55,1.68
300190,26.90,17256,0.27,1.01,1.12
300189,7.53,207297,-0.12,-1.57,6.16
300188,30.31,32476,-0.69,-2.23,2.67
300187,32.57,14483,-0.23,-0.70,0.73
300186,8.74,47745,0.05,0.58,1.21
300185,6.43,160717,0.04,0.63,2.29
300184,14.30,21750,-0.23,-1.58,2.13
300183,0.00,0,0.00,0.00,0.00
300182,0.00,0,0.00,0.00,0.00
300181,15.25,52907,-0.38,-2.43,2.26
300180,22.54,19997,-0.58,-2.51,1.73
300179,0.00,0,0.00,0.00,0.00
300178,33.89,88139,-2.21,-6.12,5.67
300177,15.70,47026,0.09,0.58,2.00
300176,17.97,22847,-1.03,-5.42,2.13
300175,7.21,96489,-0.04,-0.55,2.08
300174,14.03,22817,-0.30,-2.09,3.46
300173,25.15,26978,-1.01,-3.86,2.38
300172,23.41,134948,0.86,3.81,13.20
300171,25.63,20127,-0.02,-0.08,1.28
300170,14.54,177425,-0.30,-2.02,4.45
300169,0.00,0,0.00,0.00,0.00
300168,38.10,31266,-1.10,-2.81,0.65
300167,14.24,25528,-0.30,-2.06,1.76
300166,32.00,27554,-0.99,-3.00,1.79
300165,22.40,24297,-0.29,-1.28,2.73
300164,11.15,69484,-0.15,-1.33,2.32
300163,13.12,23627,-0.18,-1.35,2.48
300162,50.27,26976,0.53,1.07,3.26
300161,18.40,89914,-0.60,-3.16,5.85
300160,0.00,0,0.00,0.00,0.00
300159,0.00,0,0.00,0.00,0.00
300158,15.39,23167,-0.21,-1.35,2.00
300157,12.02,222371,-0.27,-2.20,5.21
300156,0.00,0,0.00,0.00,0.00
300155,21.56,78194,-0.33,-1.51,4.40
300154,16.85,26675,-0.24,-1.40,1.71
300153,0.00,0,0.00,0.00,0.00
300152,14.81,84426,0.13,0.89,3.55
300151,16.22,16807,-0.73,-4.31,1.58
300150,21.08,76713,-0.84,-3.83,4.29
300149,8.43,29963,0.00,0.00,1.69
300148,21.12,61196,0.95,4.71,2.70
300147,19.40,77736,-0.16,-0.82,1.53
300146,28.42,125614,1.01,3.68,3.82
300145,25.17,29221,-0.71,-2.74,1.68
300144,25.69,38785,0.10,0.39,1.98
300143,0.00,0,0.00,0.00,0.00
300142,43.36,15484,-1.13,-2.54,0.93
300141,14.54,27038,-0.40,-2.68,2.56
300140,0.00,0,0.00,0.00,0.00
300139,66.45,14227,0.46,0.70,1.68
300138,12.00,20651,-0.07,-0.58,1.64
300137,16.45,112509,-0.30,-1.79,4.27
300136,18.07,47336,-0.53,-2.85,2.39
300135,8.74,37956,-0.01,-0.11,1.04
300134,41.95,44454,-0.50,-1.18,1.26
300133,29.28,114071,1.45,5.21,2.67
300132,7.73,90515,-0.07,-0.90,3.84
300131,28.39,29637,-0.31,-1.08,2.42
300130,30.33,10249,-1.07,-3.41,1.39
300129,10.96,64129,0.00,0.00,2.92
300128,14.15,53865,-0.16,-1.12,1.33
300127,14.33,47775,0.42,3.02,2.15
300126,14.52,53914,-0.35,-2.35,3.42
300125,22.41,12000,-0.46,-2.01,1.65
300124,29.35,86780,-0.53,-1.77,1.42
300123,12.02,38479,-0.14,-1.15,1.49
300122,0.00,0,0.00,0.00,0.00
300121,10.15,24815,-0.07,-0.68,1.88
300120,9.13,21320,-0.12,-1.30,1.42
300119,11.25,41009,0.05,0.45,2.02
300118,9.08,117282,-0.06,-0.66,3.09
300117,7.54,45316,0.04,0.53,1.39
300116,7.85,36322,-0.05,-0.63,2.34
300115,20.10,75261,-0.52,-2.52,1.47
300114,29.49,6774,-0.41,-1.37,0.43
300113,24.40,54601,-0.35,-1.41,3.20
300112,0.00,0,0.00,0.00,0.00
300111,4.27,373213,0.08,1.91,3.37
300110,7.85,74378,-0.01,-0.13,1.15
300109,31.20,49611,1.99,6.81,6.17
300108,0.00,0,0.00,0.00,0.00
300107,12.80,91222,0.77,6.40,5.46
300106,14.32,28568,-0.09,-0.62,1.78
300105,12.87,56160,0.05,0.39,1.09
300104,0.00,0,0.00,0.00,0.00
300103,23.00,40453,0.05,0.22,2.61
300102,13.57,39375,0.11,0.82,2.16
300101,23.50,35238,-0.54,-2.25,1.62
300100,13.30,43079,-0.65,-4.66,1.61
300099,14.50,32664,-0.38,-2.55,3.01
300098,27.29,22513,-0.26,-0.94,2.15
300097,0.00,0,0.00,0.00,0.00
300096,13.00,143270,-0.35,-2.62,4.79
300095,11.53,37703,-0.36,-3.03,2.48
300094,10.18,47690,-0.12,-1.17,1.36
300093,13.60,49604,-0.20,-1.45,2.30
300092,18.88,12577,-0.70,-3.58,2.38
300091,25.53,7429,-0.69,-2.63,0.59
300090,0.00,0,0.00,0.00,0.00
300089,13.90,20612,-0.26,-1.84,2.38
300088,18.15,97398,0.02,0.11,1.99
300087,13.47,29576,0.09,0.67,2.77
300086,17.03,36869,-0.02,-0.12,1.29
300085,43.82,20734,-2.08,-4.53,1.66
300084,26.25,12211,-0.42,-1.57,1.20
300083,24.72,36481,-0.73,-2.87,4.15
300082,14.15,29479,0.02,0.14,0.87
300081,22.80,24573,-0.66,-2.81,2.90
300080,9.57,49343,0.11,1.16,1.56
300079,13.91,165532,0.41,3.04,2.84
300078,24.30,53303,0.81,3.45,6.61
300077,28.97,61497,0.06,0.21,2.44
300076,16.75,52093,-0.67,-3.85,3.04
300075,29.86,69059,0.05,0.17,5.64
300074,15.06,90557,0.00,0.00,4.23
300073,18.11,68672,-1.07,-5.58,4.33
300072,26.14,116078,-0.62,-2.32,2.53
300071,17.43,25322,0.32,1.87,1.14
300070,32.05,235871,0.46,1.46,3.65
300069,17.70,6751,0.02,0.11,1.13
300068,11.28,111035,0.00,0.00,2.73
300067,10.42,72535,0.20,1.96,3.89
300066,16.58,19465,-0.47,-2.76,0.84
300065,18.68,66740,-0.56,-2.91,4.15
300064,6.89,83301,0.00,0.00,1.38
300063,0.00,0,0.00,0.00,0.00
300062,14.40,16956,-0.30,-2.04,2.18
300061,14.09,23740,-0.21,-1.47,2.66
300059,26.42,362005,0.54,2.09,3.95
300058,23.36,141065,0.67,2.95,2.16
300057,10.69,70347,0.28,2.69,2.85
300056,21.75,4284,1.98,10.02,0.38
300055,39.20,34379,0.39,1.00,2.00
300054,15.83,51070,-0.28,-1.74,1.74
300053,23.39,53662,0.10,0.43,3.39
300052,26.57,73034,0.69,2.67,2.81
300051,0.00,0,0.00,0.00,0.00
300050,21.35,35091,-0.59,-2.69,2.66
300049,39.52,29687,-2.08,-5.00,2.73
300048,10.62,53790,-0.06,-0.56,1.80
300047,14.41,83678,-0.57,-3.81,3.75
300046,15.68,19657,-0.16,-1.01,1.84
300045,20.20,34406,-0.28,-1.37,2.22
300044,15.14,49239,-0.10,-0.66,3.34
300043,0.00,0,0.00,0.00,0.00
300042,16.96,19468,-0.32,-1.85,2.66
300041,23.15,16511,-0.41,-1.74,1.28
300040,7.86,65717,-0.01,-0.13,3.31
300039,14.47,63674,0.14,0.98,1.36
300038,25.20,36196,-0.65,-2.51,3.35
300037,0.00,0,0.00,0.00,0.00
300036,29.32,48460,-1.47,-4.77,5.41
300035,9.49,46847,-0.11,-1.15,3.02
300034,22.39,55916,0.80,3.71,1.76
300033,59.80,91772,-0.20,-0.33,7.05
300032,19.40,23576,0.09,0.47,0.88
300031,9.21,69878,-0.21,-2.23,3.27
300030,13.37,63186,-0.17,-1.26,2.62
300029,9.73,54765,0.11,1.14,2.83
300028,0.00,0,0.00,0.00,0.00
300027,29.20,791177,2.33,8.67,9.13
300026,25.80,57320,-0.20,-0.77,1.37
300025,0.00,0,0.00,0.00,0.00
300024,38.40,195086,-0.62,-1.59,3.08
300023,19.91,15165,-0.28,-1.39,3.05
300022,8.85,124581,0.24,2.79,3.95
300021,16.05,76817,0.06,0.38,4.59
300020,29.92,26441,-0.23,-0.76,1.09
300019,18.51,23268,-0.76,-3.94,2.17
300018,12.09,32500,-0.09,-0.74,2.12
300017,49.04,98971,-1.26,-2.50,4.66
300016,17.36,17890,-0.31,-1.75,0.72
300015,25.91,42449,0.14,0.54,0.81
300014,16.70,94221,0.25,1.52,3.02
300013,0.00,0,0.00,0.00,0.00
300012,18.12,38560,-0.16,-0.88,1.89
300011,0.00,0,0.00,0.00,0.00
300010,20.45,43466,-0.03,-0.15,2.49
300009,17.26,21964,-0.12,-0.69,1.18
300008,14.62,48294,-0.16,-1.08,2.87
300007,30.14,25213,-1.01,-3.24,3.06
300006,33.00,18804,-0.50,-1.49,1.39
300005,16.69,230597,-0.24,-1.42,7.16
300004,38.13,9939,-0.14,-0.37,0.72
300003,23.90,53561,-0.72,-2.92,0.78
300002,18.10,291261,0.76,4.38,4.01
300001,21.02,56389,-0.57,-2.64,1.46
002735,13.29,241,4.06,43.99,0.12
002733,18.95,350,5.79,44.00,0.10
002732,0.00,0,0.00,0.00,
002731,41.56,41742,-1.53,-3.55,11.08
002730,27.25,32475,-0.40,-1.45,8.86
002729,49.70,17232,-0.98,-1.93,10.33
002728,0.00,0,0.00,0.00,0.00
002727,47.75,30207,0.50,1.06,4.64
002726,25.11,40055,-0.09,-0.36,7.34
002725,41.81,18178,-0.19,-0.45,7.27
002724,35.08,83426,-1.46,-4.00,16.69
002723,32.41,17257,-0.39,-1.19,7.39
002722,26.93,14034,-0.29,-1.07,4.18
002721,27.60,26331,0.45,1.66,6.30
002719,37.15,11322,-0.07,-0.19,4.94
002718,90.00,8791,2.48,2.83,6.71
002717,28.26,20296,0.22,0.78,4.98
002716,29.71,57624,0.79,2.73,10.08
002715,30.12,8452,-0.18,-0.59,3.67
002714,53.56,10670,-1.30,-2.37,1.76
002713,43.89,6055,-0.01,-0.02,1.94
002712,61.37,19859,2.52,4.28,9.31
002711,55.80,48259,1.20,2.20,12.86
002709,37.80,7889,-0.03,-0.08,2.62
002708,0.00,0,0.00,0.00,0.00
002707,0.00,0,0.00,0.00,0.00
002706,49.40,16926,-0.99,-1.96,7.86
002705,16.78,36544,-0.14,-0.83,4.81
002703,27.19,3694,-0.26,-0.95,2.46
002702,17.88,11309,-0.42,-2.30,1.85
002701,22.47,130596,-0.33,-1.45,4.03
002700,0.00,0,0.00,0.00,0.00
002699,0.00,0,0.00,0.00,0.00
002698,26.82,24910,-0.40,-1.47,2.33
002697,8.41,117194,-0.03,-0.36,3.81
002696,13.54,17855,0.00,0.00,2.23
002695,34.30,9634,0.00,0.00,2.24
002694,9.46,53677,-0.06,-0.63,4.22
002693,0.00,0,0.00,0.00,0.00
002692,10.73,26081,-0.20,-1.83,2.42
002691,14.96,17564,0.06,0.40,2.66
002690,0.00,0,0.00,0.00,0.00
002689,10.12,48616,-0.01,-0.10,2.85
002688,16.80,30470,-0.23,-1.35,2.81
002687,11.64,20504,-0.31,-2.59,2.95
002686,14.60,35095,0.16,1.11,5.16
002685,14.42,48616,0.32,2.27,4.89
002684,31.40,11255,0.65,2.11,2.19
002683,28.55,18964,-0.40,-1.38,1.80
002682,9.99,49694,-0.07,-0.70,3.47
002681,29.92,24108,-0.40,-1.32,3.21
002680,31.80,5986,0.65,2.09,2.49
002679,23.03,15494,-0.04,-0.17,4.47
002678,11.88,55877,0.14,1.19,3.67
002677,18.19,25472,-0.34,-1.83,5.09
002676,19.82,34426,-0.74,-3.60,8.05
002675,0.00,0,0.00,0.00,0.00
002674,14.51,24965,0.08,0.55,2.01
002673,24.69,477868,1.83,8.01,6.95
002672,32.26,22091,0.31,0.97,1.75
002671,10.74,44829,-0.13,-1.20,2.45
002670,14.85,21293,-0.15,-1.00,2.58
002669,15.28,15499,-0.24,-1.55,2.14
002668,21.37,30542,-0.14,-0.65,4.22
002667,39.85,22340,-1.15,-2.80,7.98
002666,16.50,38457,-0.62,-3.62,3.39
002665,40.10,14169,-1.29,-3.12,1.12
002664,30.59,12605,-0.36,-1.16,1.82
002663,14.57,94471,0.38,2.68,3.66
002662,14.55,45071,-0.29,-1.95,3.00
002661,41.17,7320,0.40,0.98,3.43
002660,11.04,74767,-0.21,-1.87,4.83
002659,0.00,0,0.00,0.00,0.00
002658,26.78,21258,0.04,0.15,2.84
002657,66.60,32998,-1.43,-2.10,5.17
002656,16.59,19880,-0.11,-0.66,3.33
002655,10.09,59081,-0.05,-0.49,2.96
002654,14.63,13984,-0.10,-0.68,1.96
002653,19.12,24819,-0.11,-0.57,1.39
002652,16.82,11856,0.08,0.48,2.81
002651,27.40,13288,-1.09,-3.83,2.16
002650,13.02,61354,-0.23,-1.74,2.73
002649,40.50,34651,-1.10,-2.64,5.47
002648,13.62,74548,0.07,0.52,3.73
002647,0.00,0,0.00,0.00,0.00
002646,19.56,103114,0.16,0.82,6.55
002645,17.33,12671,-0.17,-0.97,2.96
002644,22.13,10581,-0.33,-1.47,2.22
002643,15.52,52430,0.49,3.26,2.83
002642,34.49,55062,-1.05,-2.95,6.60
002641,10.30,48390,-0.30,-2.83,4.48
002640,36.70,8632,-0.73,-1.95,2.59
002639,17.49,12326,-0.05,-0.29,1.32
002638,0.00,0,0.00,0.00,0.00
002637,19.94,17458,-0.04,-0.20,1.54
002636,13.46,22774,-0.12,-0.88,2.40
002635,32.47,12603,-0.07,-0.22,1.37
002634,20.94,11256,-0.91,-4.16,2.96
002633,20.55,21313,0.58,2.90,2.46
002632,20.31,16646,-0.55,-2.64,1.20
002631,13.51,20720,-0.17,-1.24,0.65
002630,19.02,45732,-0.15,-0.78,1.95
002629,9.12,66395,-0.08,-0.87,3.04
002628,5.20,223523,0.03,0.58,3.41
002627,17.58,16601,-0.27,-1.51,1.28
002626,26.13,50823,-1.77,-6.34,1.77
002625,14.60,14559,-0.17,-1.15,1.50
002624,19.00,9381,0.23,1.23,0.60
002623,24.69,15401,0.07,0.28,0.96
002622,21.28,33964,0.96,4.72,3.52
002621,15.62,12105,-0.33,-2.07,2.15
002620,18.26,8360,-0.07,-0.38,0.92
002619,22.68,19699,-0.44,-1.90,1.93
002618,33.89,30770,-0.23,-0.67,1.68
002617,0.00,0,0.00,0.00,0.00
002616,26.14,13138,-0.16,-0.61,1.61
002615,29.69,9807,0.00,0.00,1.92
002614,14.94,26041,0.03,0.20,1.56
002613,12.13,46569,-0.37,-2.96,2.13
002612,26.33,25174,-0.26,-0.98,2.41
002611,0.00,0,0.00,0.00,0.00
002610,17.77,75057,-0.21,-1.17,2.52
002609,20.43,50582,-1.21,-5.59,3.69
002608,0.00,0,0.00,0.00,0.00
002607,8.83,37662,-0.11,-1.23,1.88
002606,17.88,39685,-0.12,-0.67,3.03
002605,18.51,35605,0.10,0.54,1.40
002604,14.36,54146,-0.21,-1.44,2.10
002603,32.85,62296,0.91,2.85,1.50
002602,24.13,50857,0.29,1.22,4.04
002601,22.63,39311,0.11,0.49,2.41
002600,0.00,0,0.00,0.00,0.00
002599,16.76,10946,-0.19,-1.12,1.25
002598,9.78,57911,0.13,1.35,2.20
002597,15.90,18192,-0.25,-1.55,0.66
002596,10.95,38797,0.00,0.00,2.39
002595,27.02,18231,-0.43,-1.57,0.81
002594,42.87,66075,-0.65,-1.49,1.00
002593,14.51,33739,0.61,4.39,2.59
002592,0.00,0,0.00,0.00,0.00
002591,12.53,25344,-0.08,-0.63,1.70
002590,14.59,17968,0.00,0.00,1.00
002589,31.69,14890,-0.49,-1.52,1.03
002588,34.06,13193,-0.54,-1.56,0.80
002587,16.98,63676,0.28,1.68,4.55
002586,13.45,58669,-0.22,-1.61,2.10
002585,14.77,64802,-0.37,-2.44,2.31
002584,20.86,15593,-0.44,-2.07,1.74
002583,10.45,82514,0.09,0.87,2.23
002582,20.98,15834,0.17,0.82,1.73
002581,41.75,44598,-2.39,-5.41,3.94
002580,22.30,18132,-0.29,-1.28,2.21
002579,0.00,0,0.00,0.00,0.00
002578,18.39,36970,0.38,2.11,4.15
002577,29.24,72938,-2.92,-9.08,2.58
002576,15.49,26045,0.03,0.19,2.29
002575,13.14,13306,-0.04,-0.30,0.51
002574,10.98,121978,0.20,1.86,2.31
002573,23.30,113189,-0.03,-0.13,2.13
002572,21.10,31478,-0.91,-4.13,1.25
002571,11.30,57791,-0.03,-0.26,2.82
002570,16.40,127491,-0.10,-0.61,1.25
002569,17.95,36069,-0.20,-1.10,2.61
002568,40.98,8766,-1.11,-2.64,0.81
002567,9.89,55616,-0.14,-1.40,1.32
002566,14.69,31010,-0.20,-1.34,1.52
002565,8.60,103702,0.03,0.35,1.52
002564,9.34,239812,0.24,2.64,4.96
002563,38.08,5093,0.39,1.03,0.73
002562,14.67,22382,-0.44,-2.91,2.08
002561,13.48,93088,-0.16,-1.17,2.45
002560,21.72,22467,-0.23,-1.05,4.92
002559,0.00,0,0.00,0.00,0.00
002558,0.00,0,0.00,0.00,0.00
002557,21.18,27952,-0.23,-1.07,0.83
002556,14.36,464219,0.44,3.16,10.09
002555,38.50,1394,3.50,10.00,0.24
002554,11.93,53332,-0.10,-0.83,2.74
002553,13.31,30128,-0.18,-1.33,2.77
002552,10.91,50997,0.14,1.30,3.03
002551,26.77,35131,-0.33,-1.22,1.61
002550,24.06,26879,-0.37,-1.51,1.31
002549,14.99,16307,-0.21,-1.38,1.18
002548,10.44,104148,0.14,1.36,3.36
002547,18.50,41902,-0.54,-2.84,2.40
002546,13.93,19027,-0.01,-0.07,0.82
002545,16.85,39764,0.47,2.87,3.49
002544,19.36,31591,-0.16,-0.82,0.62
002543,11.44,29339,-0.05,-0.44,0.92
002542,14.12,112188,-0.38,-2.62,8.16
002541,14.85,16827,-0.18,-1.20,1.09
002540,19.88,93460,0.16,0.81,3.71
002539,0.00,0,0.00,0.00,0.00
002538,16.00,63140,0.69,4.51,2.22
002537,18.15,4518,-0.11,-0.60,0.30
002536,28.76,14018,-0.32,-1.10,1.63
002535,10.25,80205,-0.12,-1.16,3.12
002534,18.82,20327,-0.29,-1.52,0.52
002533,6.78,84743,-0.10,-1.45,1.74
002532,12.18,58358,-0.28,-2.25,2.58
002531,14.60,25320,-0.17,-1.15,0.62
002530,9.13,32065,-0.19,-2.04,1.20
002529,0.00,0,0.00,0.00,0.00
002528,13.37,41526,-0.23,-1.69,1.23
002527,19.69,79642,-0.42,-2.09,3.57
002526,8.40,100987,-0.03,-0.36,2.71
002524,7.35,113752,0.04,0.55,2.32
002523,7.82,62456,-0.01,-0.13,2.64
002522,19.62,28134,0.65,3.43,1.26
002521,11.83,78964,-0.22,-1.83,2.57
002520,28.25,25031,-0.98,-3.35,1.20
002519,24.01,27365,0.31,1.31,2.91
002518,17.58,32868,-0.14,-0.79,1.18
002517,15.75,24247,0.54,3.55,1.37
002516,18.85,31457,-0.75,-3.83,2.89
002515,26.08,10092,-0.28,-1.06,1.13
002514,14.43,28000,-0.14,-0.96,1.29
002513,13.51,92082,0.00,0.00,4.32
002512,0.00,0,0.00,0.00,0.00
002511,10.62,51847,-0.08,-0.75,1.28
002510,10.29,86483,-0.26,-2.46,2.81
002509,0.00,0,0.00,0.00,0.00
002508,33.95,24457,0.02,0.06,0.78
002507,27.92,12193,-0.14,-0.50,1.05
002506,0.00,0,0.00,0.00,0.00
002505,7.52,192995,-0.07,-0.92,3.47
002504,16.23,18660,-0.07,-0.43,1.88
002503,16.11,16053,-0.06,-0.37,0.51
002502,14.57,38182,0.02,0.14,2.07
002501,20.06,561381,0.91,4.75,16.72
002500,13.96,1147147,0.58,4.33,4.61
002499,23.62,26972,-0.22,-0.92,3.47
002498,9.08,40874,0.03,0.33,0.39
002497,13.48,75337,-0.10,-0.74,2.24
002496,27.20,98847,2.33,9.37,5.36
002495,16.42,4946,1.49,9.98,0.33
002494,15.70,21369,-0.10,-0.63,2.20
002493,11.58,37322,0.09,0.78,0.37
002492,11.30,21853,-0.20,-1.74,0.93
002491,0.00,0,0.00,0.00,0.00
002490,10.12,73565,0.09,0.90,2.77
002489,15.00,29561,-0.13,-0.86,0.78
002488,29.05,26015,-0.43,-1.46,2.99
002487,10.33,50381,-0.16,-1.53,1.40
002486,4.86,202415,0.04,0.83,2.53
002485,11.94,31603,-0.28,-2.29,0.99
002484,16.77,27273,-0.11,-0.65,0.90
002483,12.04,25593,-0.13,-1.07,0.71
002482,15.92,75275,0.17,1.08,1.66
002481,15.78,22427,-0.24,-1.50,0.60
002480,11.28,128142,-0.27,-2.34,2.31
002479,9.44,90301,-0.03,-0.32,1.23
002478,12.66,23476,0.03,0.24,0.90
002477,10.35,157306,0.08,0.78,3.31
002476,8.90,102137,0.15,1.71,1.69
002475,29.90,34867,-0.46,-1.52,0.45
002474,12.41,225604,-0.14,-1.12,5.69
002473,27.45,5596,0.31,1.14,0.35
002472,13.97,43366,-0.12,-0.85,2.51
002471,13.42,81265,-0.08,-0.59,1.69
002470,29.00,50316,0.94,3.35,0.85
002469,14.21,60171,0.39,2.82,2.39
002468,13.83,46227,1.26,10.02,1.39
002467,15.31,175036,-0.24,-1.54,4.45
002466,52.21,13096,1.66,3.28,2.46
002465,18.27,163145,-0.15,-0.81,1.80
002464,17.53,12777,-0.10,-0.57,0.95
002463,6.11,213905,-0.02,-0.33,1.28
002462,23.62,24966,-0.47,-1.95,1.28
002461,15.91,58342,-0.28,-1.73,0.86
002460,20.81,166003,0.73,3.64,8.33
002459,14.18,8661,-0.07,-0.49,0.50
002458,12.85,30951,-0.35,-2.65,2.18
002457,10.67,79545,0.07,0.66,3.14
002456,22.48,181753,-0.30,-1.32,2.52
002455,10.32,23657,-0.22,-2.09,1.79
002454,14.04,72539,-0.38,-2.64,3.01
002453,7.80,116182,-0.11,-1.39,2.17
002452,16.79,43038,-0.12,-0.71,2.82
002451,7.80,50092,-0.13,-1.64,2.60
002450,32.12,98056,-0.82,-2.49,1.04
002449,12.20,65077,0.14,1.16,2.22
002448,18.75,32296,-0.19,-1.00,1.80
002447,15.27,21954,0.13,0.86,1.00
002446,35.55,14128,-0.62,-1.71,2.02
002445,20.95,27884,-0.65,-3.01,1.11
002444,13.79,106220,-0.21,-1.50,1.21
002443,6.92,79362,0.01,0.14,1.62
002442,0.00,0,0.00,0.00,0.00
002441,27.87,29253,-0.76,-2.65,2.02
002440,17.62,194434,0.24,1.38,4.37
002439,26.67,53524,-0.03,-0.11,2.05
002438,23.16,49293,0.15,0.65,3.88
002437,0.00,0,0.00,0.00,0.00
002436,26.96,37291,-0.99,-3.54,2.43
002435,10.89,13716,-0.02,-0.18,0.77
002434,16.68,14126,-0.32,-1.88,0.43
002433,12.42,132022,-0.32,-2.51,2.51
002432,29.59,54580,0.00,0.00,1.47
002431,19.84,122649,0.42,2.16,4.85
002430,8.21,67107,0.03,0.37,0.83
002429,8.22,102295,0.03,0.37,0.65
002428,15.45,438319,0.84,5.75,7.07
002427,13.22,19996,-0.24,-1.78,0.84
002426,0.00,0,0.00,0.00,0.00
002425,11.28,35925,0.04,0.36,0.95
002424,44.00,12060,-0.65,-1.46,0.58
002423,13.30,102830,0.16,1.22,2.21
002422,31.90,69662,-0.21,-0.65,1.96
002421,29.60,17773,-0.68,-2.25,0.87
002420,7.54,62930,0.01,0.13,1.67
002419,12.72,64986,0.04,0.32,0.81
002418,13.59,21059,-0.19,-1.38,1.29
002417,10.18,31407,-0.22,-2.12,1.55
002416,14.27,82485,-0.43,-2.93,0.86
002415,21.15,191137,0.58,2.82,0.61
002414,21.28,64086,-0.53,-2.43,1.38
002413,19.95,65034,0.16,0.81,2.95
002412,16.51,18044,-0.15,-0.90,0.63
002411,0.00,0,0.00,0.00,0.00
002410,23.30,79860,-0.50,-2.10,1.71
002409,21.17,22800,-0.18,-0.84,2.76
002408,16.98,39297,-0.05,-0.29,0.72
002407,19.19,41761,0.07,0.37,2.26
002406,12.06,40788,-0.05,-0.41,2.31
002405,22.33,144048,-0.38,-1.67,2.23
002404,13.38,72646,-0.41,-2.97,4.12
002403,13.21,20518,-0.07,-0.53,0.92
002402,20.75,38848,-0.84,-3.89,3.21
002401,19.37,46280,-0.66,-3.30,1.56
002400,22.77,127262,0.17,0.75,2.46
002399,26.47,33654,0.27,1.03,0.42
002398,18.41,47354,-0.26,-1.39,2.48
002397,10.70,26084,-0.25,-2.28,1.80
002396,0.00,0,0.00,0.00,0.00
002395,12.28,13611,-0.11,-0.89,0.76
002394,11.05,84143,0.12,1.10,2.60
002393,35.08,17116,0.08,0.23,0.94
002392,12.08,36891,-0.11,-0.90,1.44
002391,16.07,19218,-0.01,-0.06,1.24
002390,20.44,37406,-0.35,-1.68,1.64
002389,11.38,69950,0.14,1.25,2.30
002388,18.36,98459,-0.84,-4.38,5.28
002387,16.66,40722,-0.49,-2.86,2.24
002386,10.02,52483,-0.14,-1.38,1.09
002385,15.06,177851,-0.18,-1.18,1.89
002384,11.88,44930,-0.27,-2.22,0.99
002383,28.96,11568,-0.15,-0.52,1.06
002382,22.13,11984,-0.27,-1.21,0.50
002381,14.92,37577,-0.24,-1.58,2.60
002380,29.41,11056,-0.92,-3.03,2.19
002379,4.53,551933,0.13,2.95,8.25
002378,24.29,76043,2.21,10.01,1.78
002377,7.74,59638,-0.18,-2.27,1.39
002376,11.69,76618,0.02,0.17,1.57
002375,19.73,90964,0.22,1.13,2.65
002374,11.25,41331,0.08,0.72,2.75
002373,26.07,15488,0.17,0.66,1.15
002372,14.08,23003,0.00,0.00,0.60
002371,25.52,14815,-0.28,-1.09,0.45
002370,18.63,22734,-0.31,-1.64,1.58
002369,10.88,102688,-0.06,-0.55,2.93
002368,50.60,17672,0.12,0.24,0.77
002367,11.49,89800,-0.20,-1.71,1.96
002366,38.64,23602,-0.36,-0.92,2.25
002365,13.94,23299,-0.16,-1.13,1.68
002364,19.36,15682,-0.36,-1.83,0.79
002363,18.80,41623,-0.30,-1.57,1.39
002362,19.47,40762,-0.08,-0.41,2.32
002361,9.39,38470,0.02,0.21,2.17
002360,8.75,70857,-0.17,-1.91,3.07
002359,0.00,0,0.00,0.00,0.00
002358,36.20,27019,0.32,0.89,1.32
002357,15.48,16898,-0.05,-0.32,0.87
002356,0.00,0,0.00,0.00,0.00
002355,7.48,120283,0.03,0.40,3.54
002354,0.00,0,0.00,0.00,0.00
002353,33.04,100689,0.21,0.64,1.90
002352,27.77,8471,0.27,0.98,2.21
002351,20.15,13617,-0.45,-2.18,1.09
002350,15.11,35311,-0.32,-2.07,1.62
002349,23.90,16600,-0.26,-1.08,0.84
002348,9.16,58602,-0.11,-1.19,1.74
002347,12.82,37561,-0.13,-1.00,3.26
002346,12.23,19478,-0.10,-0.81,2.78
002345,8.93,75605,0.05,0.56,0.91
002344,14.45,109257,0.02,0.14,0.99
002343,0.00,0,0.00,0.00,0.00
002342,6.81,232996,-0.01,-0.15,2.96
002341,0.00,0,0.00,0.00,0.00
002340,14.09,318989,0.38,2.77,4.23
002339,13.69,85789,-0.13,-0.94,3.02
002338,48.09,5323,0.19,0.40,0.45
002337,18.84,14926,0.02,0.11,0.82
002336,11.50,31592,0.06,0.52,0.79
002335,20.23,16492,-0.18,-0.88,0.90
002334,17.00,61330,-0.22,-1.28,2.44
002333,0.00,0,0.00,0.00,0.00
002332,10.09,40757,-0.05,-0.49,0.89
002331,0.00,0,0.00,0.00,0.00
002330,7.53,36932,0.00,0.00,0.99
002329,0.00,0,0.00,0.00,0.00
002328,9.61,45265,-0.19,-1.94,1.38
002327,14.00,32239,0.02,0.14,1.46
002326,15.92,31021,-0.37,-2.27,2.14
002325,11.14,214861,-0.57,-4.87,4.32
002324,0.00,0,0.00,0.00,0.00
002323,0.00,0,0.00,0.00,0.00
002322,0.00,0,0.00,0.00,0.00
002321,7.72,186386,-0.16,-2.03,4.40
002320,12.45,43494,-0.09,-0.72,1.02
002319,11.53,46703,-0.03,-0.26,2.34
002318,29.59,40158,0.26,0.89,1.35
002317,20.41,40850,0.08,0.39,1.79
002316,10.38,62259,-0.01,-0.10,1.59
002315,62.24,30109,-2.76,-4.25,5.00
002314,5.58,69068,-0.07,-1.24,1.19
002313,14.31,92754,-0.04,-0.28,3.95
002312,0.00,0,0.00,0.00,0.00
002311,0.00,0,0.00,0.00,0.00
002310,17.91,86423,-0.14,-0.78,1.89
002309,19.70,41385,-0.28,-1.40,1.52
002308,8.75,80847,0.01,0.11,0.97
002307,10.60,206416,0.12,1.15,3.70
002306,7.79,410127,-0.15,-1.89,6.32
002305,7.10,100599,0.08,1.14,1.52
002304,68.13,49924,3.33,5.14,0.57
002303,16.17,70490,0.76,4.93,1.96
002302,15.01,60718,-0.24,-1.57,2.24
002301,8.77,250643,-0.16,-1.79,7.35
002300,7.51,78129,0.00,0.00,1.73
002299,13.59,74765,-0.32,-2.30,0.83
002298,0.00,0,0.00,0.00,0.00
002297,15.15,64066,-0.21,-1.37,2.02
002296,16.90,100365,-0.10,-0.59,3.89
002295,10.22,47471,0.15,1.49,2.62
002294,35.49,31007,-0.05,-0.14,1.08
002293,25.10,19824,0.07,0.28,0.71
002292,31.11,57998,0.66,2.17,1.81
002291,7.88,28726,-0.14,-1.75,0.79
002290,13.52,32533,-0.29,-2.10,2.43
002289,19.87,37294,-0.22,-1.10,3.89
002288,11.05,64088,-0.07,-0.63,2.17
002287,23.68,13018,0.20,0.85,0.32
002286,9.25,54586,0.04,0.43,2.05
002285,17.17,157004,0.26,1.54,2.06
002284,14.75,32949,-0.38,-2.51,1.26
002283,8.86,79429,-0.04,-0.45,1.42
002282,13.75,30060,0.04,0.29,2.51
002281,43.59,24311,-0.26,-0.59,1.49
002280,44.22,22774,-2.14,-4.62,3.94
002279,0.00,0,0.00,0.00,0.00
002278,12.71,49676,0.04,0.32,2.50
002277,13.74,162312,-0.02,-0.15,2.87
002276,9.20,129376,-0.14,-1.50,1.57
002275,19.32,22474,-0.18,-0.92,0.43
002274,7.46,75596,0.06,0.81,1.54
002273,19.49,72659,-0.19,-0.97,2.13
002272,7.75,97807,-0.23,-2.88,3.20
002271,32.34,30579,-0.61,-1.85,1.40
002270,0.00,0,0.00,0.00,0.00
002269,12.20,193374,0.26,2.18,1.92
002268,52.71,11101,-0.49,-0.92,0.65
002267,11.88,92922,-0.03,-0.25,0.93
002266,7.79,466240,0.00,0.00,4.58
002265,12.83,22990,0.17,1.34,0.81
002264,8.12,49938,0.01,0.12,0.99
002263,6.57,119146,-0.08,-1.20,1.55
002262,26.15,18189,-0.25,-0.95,0.55
002261,19.82,76348,0.16,0.81,2.92
002260,26.40,7586,-0.62,-2.29,0.49
002259,6.74,87495,-0.06,-0.88,1.44
002258,16.46,11131,-0.16,-0.96,0.55
002256,11.29,89887,-0.47,-4.00,2.87
002255,15.08,48546,-0.12,-0.79,2.44
002254,10.61,47723,0.04,0.38,0.94
002253,28.66,50423,-1.30,-4.34,4.01
002252,46.07,40626,-1.43,-3.01,0.41
002251,15.80,55689,-0.20,-1.25,1.02
002250,14.89,57563,-0.34,-2.23,1.07
002249,13.96,31367,-0.08,-0.57,0.75
002248,8.67,43120,-0.20,-2.25,2.12
002247,11.60,51491,-0.26,-2.19,2.33
002246,9.98,47144,-0.02,-0.20,1.14
002245,11.56,66941,-0.19,-1.62,2.00
002244,7.77,326496,0.22,2.91,2.84
002243,8.89,38754,-0.07,-0.78,1.25
002242,11.70,110681,-0.07,-0.59,1.45
002241,26.33,95524,-0.20,-0.75,0.79
002240,26.71,102967,0.55,2.10,2.89
002239,0.00,0,0.00,0.00,0.00
002238,15.19,43333,0.29,1.95,1.35
002237,17.40,196725,0.53,3.14,4.92
002236,24.93,162976,0.02,0.08,2.47
002235,0.00,0,0.00,0.00,0.00
002234,10.02,58407,-0.01,-0.10,2.83
002233,8.62,176697,0.17,2.01,3.18
002232,11.06,73826,-0.18,-1.60,1.86
002231,11.12,57139,0.02,0.18,2.81
002230,29.68,158807,-0.85,-2.78,2.75
002229,18.27,82687,-0.38,-2.04,4.47
002228,13.42,33963,-0.44,-3.17,0.98
002227,23.12,22342,-0.13,-0.56,1.03
002226,11.78,63078,0.10,0.86,1.59
002225,8.08,556697,0.09,1.13,13.03
002224,10.01,139754,-0.20,-1.96,3.17
002223,26.50,52000,-0.06,-0.23,1.27
002222,12.18,34036,0.02,0.16,1.23
002221,13.80,83160,-0.42,-2.95,1.86
002220,9.37,46656,-0.06,-0.64,1.20
002219,21.73,60122,-0.30,-1.36,1.00
002218,9.53,44264,-0.05,-0.52,0.92
002217,0.00,0,0.00,0.00,0.00
002216,21.80,43847,-0.98,-4.30,1.57
002215,10.06,73825,0.32,3.29,1.43
002214,25.10,32696,-0.64,-2.49,2.30
002213,11.35,17517,-0.08,-0.70,1.39
002212,7.52,91581,-0.11,-1.44,3.15
002211,10.80,44860,-0.11,-1.01,1.62
002210,18.38,13004,-0.37,-1.97,0.34
002209,10.35,21138,-0.23,-2.17,1.67
002208,8.92,43991,0.15,1.71,1.39
002207,0.00,0,0.00,0.00,0.00
002206,8.65,47682,0.00,0.00,1.42
002205,19.90,37667,-0.54,-2.64,3.24
002204,12.16,167559,0.10,0.83,2.58
002203,10.29,664762,0.38,3.83,4.55
002202,12.03,388777,-0.04,-0.33,1.82
002201,10.19,21854,-0.25,-2.39,1.00
002200,16.79,17193,-0.21,-1.24,1.59
002199,11.79,37834,-0.14,-1.17,2.68
002198,10.12,77519,-0.07,-0.69,2.38
002197,17.91,112991,-0.98,-5.19,5.37
002196,0.00,0,0.00,0.00,0.00
002195,49.45,21248,-0.95,-1.88,3.62
002194,12.74,38590,-0.11,-0.86,1.25
002193,12.65,20934,-0.25,-1.94,1.31
002192,22.39,36474,0.46,2.10,3.58
002191,14.04,96705,0.16,1.15,1.51
002190,0.00,0,0.00,0.00,0.00
002189,24.49,37171,0.00,0.00,1.87
002188,12.87,23233,0.17,1.34,1.63
002187,13.44,57852,-0.47,-3.38,1.72
002186,20.20,24030,0.05,0.25,0.86
002185,14.15,145086,0.01,0.07,2.19
002184,0.00,0,0.00,0.00,0.00
002183,12.54,314044,-0.25,-1.95,3.18
002182,13.38,135292,0.19,1.44,6.13
002181,17.10,126853,0.44,2.64,5.82
002180,0.00,0,0.00,0.00,0.00
002179,24.67,65629,0.06,0.24,1.48
002178,0.00,0,0.00,0.00,0.00
002177,7.76,241689,0.06,0.78,4.45
002176,14.68,71667,-0.01,-0.07,1.68
002175,28.51,17231,0.67,2.41,1.62
002174,54.90,15074,0.00,0.00,1.82
002173,0.00,0,0.00,0.00,0.00
002172,0.00,0,0.00,0.00,0.00
002171,0.00,0,0.00,0.00,0.00
002170,9.17,203178,0.18,2.00,3.23
002169,12.13,79831,-0.42,-3.35,3.25
002168,0.00,0,0.00,0.00,0.00
002167,16.50,187873,0.37,2.29,5.96
002166,23.08,42096,-0.40,-1.70,3.53
002165,6.72,87940,0.05,0.75,1.67
002164,6.12,94353,-0.30,-4.67,2.33
002163,6.95,103043,-0.16,-2.25,1.51
002162,9.41,58939,-0.08,-0.84,1.41
002161,8.68,302849,-0.17,-1.92,4.36
002160,6.38,115941,0.08,1.27,3.57
002159,22.02,15445,-0.48,-2.13,1.29
002158,18.40,23173,-0.15,-0.81,0.88
002157,0.00,0,0.00,0.00,0.00
002156,8.72,47484,-0.03,-0.34,0.73
002155,10.35,490816,0.39,3.92,4.93
002154,8.75,90034,-0.14,-1.57,1.69
002153,79.71,24863,-1.29,-1.59,1.52
002152,20.50,57480,0.15,0.74,0.67
002151,39.70,33911,-0.26,-0.65,2.51
002150,9.95,20758,-0.25,-2.45,0.84
002149,19.61,40186,0.68,3.59,2.30
002148,23.25,84149,-0.38,-1.61,4.84
002147,9.99,95119,-0.39,-3.76,4.60
002146,13.53,571460,0.46,3.52,3.43
002145,13.16,65383,-0.23,-1.72,3.51
002144,19.40,35520,-0.21,-1.07,2.60
002143,17.85,20229,-0.27,-1.49,2.25
002142,13.75,797489,-0.19,-1.36,2.78
002141,14.31,17713,-0.09,-0.62,0.97
002140,18.99,60655,0.17,0.90,1.39
002139,14.69,64547,-0.28,-1.87,4.07
002138,20.02,35025,-0.14,-0.69,1.10
002137,9.02,36767,-0.06,-0.66,0.88
002136,10.39,54419,-0.15,-1.42,2.55
002135,5.17,80359,-0.02,-0.39,1.20
002134,9.69,22091,-0.10,-1.02,0.90
002133,5.29,131866,0.03,0.57,2.90
002132,7.14,37154,-0.02,-0.28,1.07
002131,26.00,27064,-0.72,-2.69,1.50
002130,13.77,175220,0.18,1.32,5.05
002129,21.32,35796,-0.07,-0.33,0.49
002128,9.11,282088,0.17,1.90,2.13
002127,8.80,28648,-0.06,-0.68,0.64
002126,13.90,99380,-0.40,-2.80,3.36
002125,12.60,46112,-0.14,-1.10,3.31
002124,11.70,51598,-0.11,-0.93,3.57
002123,9.12,164165,0.15,1.67,3.62
002122,8.44,258201,-0.07,-0.82,2.46
002121,14.84,54220,-0.28,-1.85,2.02
002120,15.48,33451,-0.46,-2.89,3.42
002119,12.85,24857,-0.15,-1.15,1.28
002118,15.54,60572,-0.23,-1.46,1.18
002117,22.36,44599,-0.14,-0.62,1.23
002116,16.10,20366,-0.29,-1.77,0.66
002115,8.78,92601,0.05,0.57,2.73
002114,18.81,156728,1.07,6.03,18.17
002113,0.00,0,0.00,0.00,0.00
002112,11.90,56548,-0.27,-2.22,3.02
002111,18.90,124091,0.33,1.78,4.71
002110,6.42,72785,0.07,1.10,1.36
002109,6.25,69229,-0.04,-0.64,1.93
002108,15.11,72220,-0.16,-1.05,2.15
002107,22.48,11023,-0.40,-1.75,1.47
002106,13.37,202795,0.25,1.91,3.01
002105,9.01,105372,-0.21,-2.28,3.15
002104,13.30,159071,0.02,0.15,2.92
002103,0.00,0,0.00,0.00,0.00
002102,9.38,145880,-0.44,-4.48,4.23
002101,19.37,26170,-0.42,-2.12,1.37
002100,12.94,41845,-0.18,-1.37,1.09
002099,9.44,41647,-0.16,-1.67,1.61
002098,14.25,12399,-0.07,-0.49,0.80
002097,10.31,102054,0.04,0.39,3.12
002096,12.51,23777,-0.12,-0.95,0.90
002095,32.40,72479,-1.35,-4.00,3.47
002094,12.44,63260,-0.36,-2.81,1.97
002093,6.97,117444,-0.02,-0.29,1.38
002092,7.65,336742,0.13,1.73,2.71
002091,16.49,60960,-0.05,-0.30,1.76
002090,16.18,37450,-0.22,-1.34,2.01
002089,12.59,84077,-0.11,-0.87,2.12
002088,12.00,18067,-0.13,-1.07,0.90
002087,5.12,59049,0.01,0.20,1.14
002086,11.29,52791,-0.33,-2.84,2.22
002085,26.10,29536,-0.83,-3.08,0.80
002084,13.14,194894,0.36,2.82,4.80
002083,5.25,143275,0.06,1.16,1.74
002082,10.86,90505,0.39,3.72,4.86
002081,18.10,66582,-0.10,-0.55,0.40
002080,13.26,24725,0.07,0.53,0.62
002079,8.41,127590,-0.10,-1.18,1.76
002078,4.09,370061,0.05,1.24,1.87
002077,9.73,44515,-0.13,-1.32,1.77
002076,14.07,28010,0.00,0.00,2.33
002075,5.68,292814,0.02,0.35,1.86
002074,16.74,78088,-0.49,-2.84,3.50
002073,13.88,236381,-0.16,-1.14,3.82
002072,17.39,78291,-0.87,-4.76,4.45
002071,19.62,40892,0.56,2.94,2.28
002070,0.00,0,0.00,0.00,0.00
002069,0.00,0,0.00,0.00,0.00
002068,8.29,138689,-0.11,-1.31,2.89
002067,4.16,480669,0.01,0.24,5.00
002066,10.62,86069,-0.34,-3.10,3.73
002065,17.51,243074,-0.19,-1.07,1.84
002064,10.05,108243,-0.03,-0.30,1.62
002063,22.71,81249,-0.06,-0.26,2.08
002062,5.21,60697,0.02,0.39,0.93
002061,5.59,95433,0.02,0.36,2.33
002060,7.72,95963,-0.11,-1.40,1.60
002059,11.15,11403,-0.25,-2.19,0.53
002058,12.83,16347,0.07,0.55,1.14
002057,14.14,55245,0.12,0.86,2.93
002056,22.00,104896,0.82,3.87,2.55
002055,13.70,96140,-0.44,-3.11,2.39
002054,9.97,37599,-0.03,-0.30,1.56
002053,18.32,44413,-0.41,-2.19,2.39
002052,9.15,130791,-0.19,-2.03,2.52
002051,25.30,75128,-0.05,-0.20,0.98
002050,0.00,0,0.00,0.00,0.00
002049,28.32,42897,-0.23,-0.81,2.02
002048,15.03,92795,0.02,0.13,2.02
002047,6.08,61532,-0.05,-0.82,1.78
002046,10.12,64114,-0.06,-0.59,1.88
002045,7.74,69116,-0.14,-1.78,1.92
002044,0.00,0,0.00,0.00,0.00
002043,6.76,90443,0.08,1.20,1.94
002042,5.63,66290,-0.05,-0.88,0.80
002041,34.62,45050,0.40,1.17,1.37
002040,10.49,28816,0.04,0.38,1.17
002039,11.91,39956,-0.13,-1.08,1.31
002038,42.41,74782,0.58,1.39,1.98
002037,16.75,42512,-0.35,-2.05,1.30
002036,8.89,52029,-0.12,-1.33,2.04
002035,13.26,43478,-0.16,-1.19,1.47
002034,21.18,7569,-0.22,-1.03,1.26
002033,15.27,54846,0.12,0.79,2.79
002032,17.78,10622,-0.06,-0.34,0.31
002031,17.31,71902,-0.27,-1.54,1.64
002030,23.10,145456,-0.63,-2.65,2.77
002029,10.22,233556,-0.28,-2.67,3.09
002028,12.36,136187,-0.04,-0.32,2.92
002027,9.39,55247,-0.10,-1.05,2.71
002026,10.47,24084,-0.02,-0.19,1.06
002025,19.79,59569,0.13,0.66,1.81
002024,8.40,1616794,0.14,1.69,3.27
002023,24.17,60532,0.17,0.71,2.22
002022,23.33,58216,0.10,0.43,1.53
002021,0.00,0,0.00,0.00,0.00
002020,19.03,24795,-0.32,-1.65,1.22
002019,0.00,0,0.00,0.00,0.00
002018,0.00,0,0.00,0.00,0.00
002017,14.55,46544,-0.32,-2.15,1.65
002016,9.73,143105,0.13,1.35,2.21
002015,8.04,98229,-0.25,-3.02,4.48
002014,9.02,47692,-0.01,-0.11,1.48
002013,20.85,106582,-0.14,-0.67,3.64
002012,7.14,123718,-0.18,-2.46,2.65
002011,10.81,267496,-0.16,-1.46,3.19
002010,10.43,38806,-0.06,-0.57,0.94
002009,0.00,0,0.00,0.00,0.00
002008,17.05,277150,0.14,0.83,2.90
002007,37.33,56822,-0.34,-0.90,0.99
002006,0.00,0,0.00,0.00,0.00
002005,8.14,407797,0.15,1.88,3.50
002004,18.38,115895,-0.38,-2.03,2.71
002003,10.36,48756,-0.04,-0.38,1.66
002002,11.03,42456,-0.10,-0.90,1.82
002001,15.50,168719,0.21,1.37,1.57
001896,9.08,31007,-0.10,-1.09,0.72
001696,9.49,250635,-0.20,-2.06,2.81
000999,22.38,128782,0.43,1.96,1.32
000998,19.50,242837,0.21,1.09,2.92
000997,0.00,0,0.00,0.00,0.00
000996,25.62,202717,-0.16,-0.62,8.81
000995,13.88,41757,0.11,0.80,2.35
000993,9.92,27176,-0.07,-0.70,0.73
000990,17.96,16006,-0.30,-1.64,0.54
000989,17.20,77007,0.34,2.02,2.59
000988,13.00,205637,-0.27,-2.03,2.31
000987,0.00,0,0.00,0.00,0.00
000985,16.72,20359,-0.54,-3.13,1.57
000983,7.37,725955,0.12,1.66,2.30
000982,0.00,0,0.00,0.00,0.00
000981,11.87,19657,0.07,0.59,0.23
000980,6.99,28499,-0.03,-0.43,0.90
000979,4.71,555815,0.10,2.17,2.89
000978,9.30,91766,-0.31,-3.23,2.55
000977,39.35,66094,-0.55,-1.38,1.54
000976,0.00,0,0.00,0.00,0.00
000975,13.41,146490,0.54,4.20,2.38
000973,6.83,184165,-0.05,-0.73,2.38
000972,5.98,173732,-0.06,-0.99,2.25
000971,10.14,46812,-0.09,-0.88,1.93
000970,18.25,887622,0.44,2.47,8.33
000969,10.25,253479,0.20,1.99,2.94
000968,8.98,182963,0.13,1.47,3.56
000967,0.00,0,0.00,0.00,0.00
000966,10.25,119393,0.03,0.29,2.15
000965,9.24,63042,0.03,0.33,0.91
000963,53.99,18328,-0.81,-1.48,0.42
000962,13.44,201870,0.62,4.84,4.58
000961,11.90,174263,0.11,0.93,1.50
000960,17.84,356371,0.94,5.56,3.10
000959,4.25,559557,0.10,2.41,4.64
000958,12.71,145685,-1.14,-8.23,6.64
000957,13.62,47525,0.05,0.37,1.99
000955,5.35,98803,-0.10,-1.83,1.98
000953,8.70,54149,-0.23,-2.58,1.84
000952,11.94,39925,-0.10,-0.83,1.59
000951,16.11,75976,0.31,1.96,1.81
000950,6.15,75066,-0.16,-2.54,1.25
000949,4.61,157474,-0.06,-1.28,1.90
000948,16.02,37749,-0.16,-0.99,1.63
000939,11.75,404649,-0.16,-1.34,4.30
000938,29.26,35598,-0.36,-1.22,1.73
000937,8.51,628835,0.35,4.29,2.85
000936,7.71,391858,-0.36,-4.46,5.24
000935,7.09,73208,0.07,1.00,3.88
000933,5.34,451059,0.15,2.89,2.41
000932,3.19,644694,0.18,5.98,2.14
000931,8.24,257157,0.13,1.60,5.08
000930,6.80,389136,-0.09,-1.31,4.03
000929,10.81,32701,0.10,0.93,1.76
000928,11.38,38554,0.06,0.53,1.36
000927,6.23,135815,0.04,0.65,0.85
000926,9.50,369816,0.23,2.48,7.00
000925,21.10,45616,-0.90,-4.09,1.51
000923,11.56,65416,-0.61,-5.01,3.30
000922,15.54,126121,0.11,0.71,4.23
000921,8.81,94210,0.05,0.57,1.05
000920,0.00,0,0.00,0.00,0.00
000919,15.15,80778,-0.10,-0.66,2.93
000918,4.28,380760,0.08,1.90,2.11
000917,18.87,506563,0.69,3.80,7.23
000916,5.46,144420,-0.12,-2.15,1.32
000915,30.00,29100,-0.49,-1.61,1.62
000913,7.38,213759,-0.07,-0.94,4.71
000912,7.60,53078,-0.03,-0.39,1.99
000911,10.01,45589,-0.10,-0.99,1.59
000910,7.21,65223,-0.23,-3.09,1.24
000909,9.36,34954,-0.12,-1.27,1.19
000908,16.35,26726,-0.42,-2.50,0.95
000906,0.00,0,0.00,0.00,0.00
000905,13.99,130575,-0.19,-1.34,2.46
000903,6.81,70255,0.01,0.15,1.03
000902,14.28,42007,0.14,0.99,1.63
000901,27.34,91107,0.35,1.30,2.82
000900,6.80,161256,0.00,0.00,1.59
000899,6.28,88972,0.04,0.64,1.60
000898,5.03,1126628,0.18,3.71,1.83
000897,6.86,446262,0.06,0.88,2.76
000895,30.13,297347,0.73,2.48,2.45
000893,14.13,203587,-0.27,-1.87,5.25
000892,8.55,278750,-0.64,-6.96,9.08
000890,6.98,83452,-0.15,-2.10,2.20
000889,12.50,63466,-0.39,-3.03,1.87
000888,19.52,12863,-0.11,-0.56,0.60
000887,17.54,379412,-1.95,-10.01,3.40
000886,4.94,209101,0.07,1.44,2.17
000885,9.11,21749,0.03,0.33,0.51
000883,0.00,0,0.00,0.00,0.00
000882,3.93,283265,0.04,1.03,2.64
000881,8.88,76651,-0.09,-1.00,2.49
000880,12.18,48305,-0.32,-2.56,3.57
000878,13.41,390450,1.22,10.01,2.76
000877,8.31,344399,0.13,1.59,3.91
000876,14.87,410007,-0.08,-0.54,2.37
000875,4.50,156625,0.06,1.35,2.37
000869,31.44,54007,0.67,2.18,1.19
000868,6.12,153734,0.05,0.82,2.21
000863,7.94,93801,0.14,1.79,5.37
000862,8.52,58940,-0.08,-0.93,2.08
000861,8.98,141858,0.14,1.58,1.69
000860,17.94,89721,0.03,0.17,2.05
000859,6.11,61910,0.04,0.66,1.47
000858,19.42,819003,0.50,2.64,2.16
000856,9.06,55353,-0.06,-0.66,4.19
000852,20.72,59235,0.15,0.73,4.55
000851,13.50,203834,-0.37,-2.67,4.21
000850,6.95,428260,0.06,0.87,4.54
000848,23.21,56673,-0.50,-2.11,1.13
000839,9.76,391765,0.30,3.17,2.50
000838,10.99,40822,0.13,1.20,2.51
000837,11.35,97454,-0.16,-1.39,3.81
000836,8.53,45890,0.11,1.31,1.57
000835,9.23,4480,0.84,10.01,0.15
000833,9.96,51004,-0.19,-1.87,1.72
000831,26.26,359685,1.72,7.01,4.83
000830,4.82,282109,-0.01,-0.21,1.93
000829,9.73,261313,-0.15,-1.52,2.76
000828,7.93,166368,-0.06,-0.75,1.60
000826,25.14,125647,0.02,0.08,1.50
000825,4.61,1316044,0.07,1.54,2.31
000823,11.69,64750,-0.01,-0.09,1.47
000822,4.55,59590,-0.01,-0.22,0.67
000821,10.59,169487,-0.36,-3.29,4.91
000820,0.00,0,0.00,0.00,0.00
000819,17.76,26081,-0.29,-1.61,1.11
000818,4.68,235565,-0.02,-0.43,5.69
000816,7.33,205949,0.00,0.00,1.89
000815,9.25,75987,-0.12,-1.28,2.40
000813,9.13,59042,0.19,2.13,1.62
000812,7.70,129747,-0.02,-0.26,2.91
000811,0.00,0,0.00,0.00,0.00
000810,18.05,9778,-0.11,-0.61,0.75
000809,14.88,53453,-0.01,-0.07,1.48
000807,5.55,461891,0.16,2.97,3.00
000806,9.32,256933,-0.16,-1.69,3.68
000803,13.69,14843,-0.43,-3.05,1.64
000802,15.50,71730,1.06,7.34,1.91
000801,17.46,49820,0.12,0.69,1.08
000800,12.77,357506,0.33,2.65,2.53
000799,15.64,258488,0.14,0.90,11.53
000798,0.00,0,0.00,0.00,0.00
000797,11.87,119529,0.09,0.76,3.58
000796,0.00,0,0.00,0.00,0.00
000795,0.00,0,0.00,0.00,0.00
000793,11.95,339051,0.28,2.40,2.49
000792,22.70,176338,0.73,3.32,1.64
000791,13.05,29871,-0.42,-3.12,2.60
000790,10.90,170554,0.32,3.02,4.48
000789,11.58,147250,0.06,0.52,3.60
000788,17.07,172567,-0.21,-1.22,3.09
000786,22.38,43232,0.18,0.81,0.75
000785,9.17,31360,-0.14,-1.50,1.25
000783,11.38,2604650,0.56,5.18,5.49
000782,7.72,33604,-0.04,-0.52,0.83
000780,5.78,250392,0.08,1.40,2.47
000779,9.94,27470,-0.12,-1.19,1.72
000778,5.16,1473669,0.07,1.38,4.05
000777,30.37,281529,0.36,1.20,7.34
000776,20.42,1736294,0.66,3.34,2.93
000768,14.96,321259,-0.01,-0.07,1.37
000767,3.99,371204,0.04,1.01,2.36
000766,7.77,68203,-0.09,-1.15,1.52
000762,15.51,247426,0.75,5.08,5.20
000761,5.57,113089,0.07,1.27,0.41
000760,13.49,30534,-0.17,-1.24,1.29
000759,8.36,43310,0.05,0.60,0.64
000758,13.55,739141,1.07,8.57,8.20
000757,7.26,61673,-0.19,-2.55,1.97
000756,8.25,32700,-0.03,-0.36,1.06
000755,5.26,53513,-0.06,-1.13,1.14
000753,7.07,88666,-0.05,-0.70,2.16
000752,14.27,58738,0.25,1.78,2.23
000751,6.96,1235185,0.26,3.88,8.76
000750,16.13,1657207,0.49,3.13,8.21
000748,28.74,20561,-0.07,-0.24,0.55
000739,8.24,154784,0.03,0.37,2.05
000738,16.02,130509,-0.04,-0.25,1.14
000737,5.07,172326,0.08,1.60,3.14
000736,10.16,46658,0.11,1.09,3.64
000735,8.46,796898,0.36,4.44,9.05
000733,15.02,67929,-0.23,-1.51,1.90
000732,13.90,336516,0.95,7.34,3.31
000731,8.36,141803,0.19,2.33,2.40
000729,7.60,195632,0.07,0.93,0.78
000728,24.44,1109060,0.83,3.52,5.65
000727,7.93,95473,-0.01,-0.13,2.67
000726,10.85,80989,-0.02,-0.18,1.44
000725,2.88,5717700,0.12,4.35,4.97
000723,7.63,114759,0.03,0.39,5.89
000722,9.01,49426,-0.02,-0.22,1.84
000721,5.60,150025,-0.06,-1.06,3.44
000720,4.82,679140,0.13,2.77,7.87
000719,16.14,36076,0.40,2.54,3.39
000718,5.87,374652,0.03,0.51,2.55
000717,3.02,577769,0.10,3.42,5.12
000716,15.32,18050,-0.06,-0.39,1.05
000715,0.00,0,0.00,0.00,0.00
000713,9.82,186874,-0.16,-1.60,6.25
000712,28.85,329219,0.45,1.58,7.35
000711,15.50,51525,-0.23,-1.46,3.20
000710,0.00,0,0.00,0.00,0.00
000709,3.26,2757732,0.21,6.89,5.42
000708,10.45,137059,-0.02,-0.19,3.07
000707,5.40,70362,-0.03,-0.55,1.52
000705,10.98,75814,-0.14,-1.26,2.78
000703,7.65,155163,0.13,1.73,1.35
000702,9.69,47633,-0.24,-2.42,1.79
000701,12.49,46087,0.03,0.24,1.92
000700,14.15,63659,-0.03,-0.21,2.06
000698,5.30,92243,0.03,0.57,1.47
000697,20.58,177643,0.57,2.85,6.96
000695,13.83,19782,-0.11,-0.79,0.89
000693,26.72,127793,1.12,4.37,17.76
000692,4.63,92322,-0.01,-0.22,1.73
000691,6.99,115944,-0.18,-2.51,3.99
000690,5.29,558469,0.06,1.15,3.26
000688,8.70,150518,0.46,5.58,5.08
000687,0.00,0,0.00,0.00,0.00
000686,16.39,1159912,0.63,4.00,6.87
000685,20.37,267832,0.07,0.34,4.09
000683,5.31,213121,0.04,0.76,2.78
000682,5.03,178458,-0.04,-0.79,1.82
000681,26.26,36591,0.01,0.04,2.58
000680,4.81,397358,0.04,0.84,4.16
000679,7.31,74340,0.00,0.00,2.09
000678,0.00,0,0.00,0.00,0.00
000677,6.13,252060,-0.32,-4.96,2.92
000676,0.00,0,0.00,0.00,0.00
000673,16.45,25398,-0.40,-2.37,1.22
000672,8.49,34766,0.01,0.12,1.65
000671,14.48,185635,0.38,2.70,1.80
000670,0.00,0,0.00,0.00,0.00
000669,24.10,10555,-0.05,-0.21,0.46
000668,14.15,11731,-0.18,-1.26,0.80
000667,2.98,1434746,0.10,3.47,5.61
000666,18.42,78346,0.03,0.16,2.67
000665,14.01,42872,0.30,2.19,2.26
000663,14.95,88348,-0.06,-0.40,5.29
000662,0.00,0,0.00,0.00,0.00
000661,88.14,9495,-1.31,-1.46,0.72
000659,4.19,192679,-0.06,-1.41,1.50
000657,16.47,49150,0.65,4.11,3.41
000656,13.80,88387,0.02,0.15,1.90
000655,9.26,175820,0.35,3.93,2.95
000652,6.91,315513,0.00,0.00,2.15
000651,35.47,378347,2.45,7.42,1.27
000650,8.05,166671,0.06,0.75,1.68
000639,17.95,27288,0.10,0.56,1.45
000638,8.07,106768,-0.34,-4.04,3.45
000637,7.71,320088,-0.12,-1.53,8.73
000636,9.25,128530,-0.14,-1.49,1.92
000635,12.02,46379,0.26,2.21,2.62
000633,0.00,0,0.00,0.00,0.00
000632,6.71,66149,-0.04,-0.59,1.42
000631,7.57,261454,-0.01,-0.13,2.50
000630,13.10,308391,1.19,9.99,2.17
000629,3.28,2925343,0.09,2.82,6.14
000628,12.41,67094,-0.31,-2.44,3.57
000627,0.00,0,0.00,0.00,0.00
000626,12.23,43735,0.45,3.82,2.16
000625,15.85,328038,0.43,2.79,0.97
000623,31.40,355005,0.40,1.29,4.50
000622,7.66,208133,-0.40,-4.96,7.62
000620,7.42,150761,0.00,0.00,0.94
000619,8.44,57067,0.04,0.48,1.59
000617,10.29,32018,-0.19,-1.81,1.11
000616,0.00,0,0.00,0.00,0.00
000615,0.00,0,0.00,0.00,0.00
000613,7.56,34259,-0.10,-1.31,1.31
000612,9.65,399823,0.23,2.44,4.17
000611,8.23,60931,-0.12,-1.44,1.91
000610,9.89,49206,-0.22,-2.18,2.52
000609,0.00,0,0.00,0.00,0.00
000608,5.00,178772,0.06,1.21,2.38
000607,11.05,78915,-0.01,-0.09,1.62
000606,7.55,119477,-0.05,-0.66,2.94
000605,19.02,15747,-0.24,-1.25,1.78
000603,16.11,92788,0.75,4.88,2.15
000601,6.28,204133,-0.10,-1.57,2.05
000600,8.46,192803,0.14,1.68,2.11
000599,6.49,91423,-0.08,-1.22,1.74
000598,6.39,1233207,-0.07,-1.08,7.13
000597,11.65,53275,-0.20,-1.69,1.61
000596,32.57,141603,1.11,3.53,3.69
000595,8.67,45358,-0.23,-2.58,2.09
000594,0.00,0,0.00,0.00,0.00
000593,8.72,54300,0.04,0.46,2.43
000592,17.86,199065,-0.26,-1.43,2.38
000591,13.58,41067,-0.31,-2.23,1.50
000590,17.99,67309,-1.38,-7.12,3.02
000589,6.80,117393,0.06,0.89,2.40
000587,10.85,129598,0.05,0.46,3.32
000586,0.00,0,0.00,0.00,0.00
000585,4.11,94725,0.02,0.49,1.55
000584,0.00,0,0.00,0.00,0.00
000582,16.26,47614,-0.34,-2.05,3.36
000581,27.33,135793,0.21,0.77,2.00
000576,12.94,49877,-0.05,-0.38,1.95
000573,4.77,115913,0.02,0.42,1.86
000572,5.29,238111,-0.03,-0.56,1.45
000571,5.53,201323,0.03,0.55,2.74
000570,9.50,52061,0.16,1.71,1.27
000568,19.03,352338,0.26,1.39,2.52
000567,14.09,14431,-0.31,-2.15,0.96
000566,16.39,49293,-0.31,-1.86,1.04
000565,16.12,45061,-0.54,-3.24,2.60
000564,5.99,66361,-0.03,-0.50,1.98
000563,11.36,637227,0.00,0.00,8.47
000562,21.07,238663,1.92,10.03,0.68
000561,9.53,69441,-0.04,-0.42,1.17
000560,19.00,14698,-0.05,-0.26,1.57
000559,13.54,236624,0.00,0.00,1.24
000558,0.00,0,0.00,0.00,0.00
000557,0.00,0,0.00,0.00,0.00
000555,42.06,17675,-1.54,-3.53,1.95
000554,10.06,149354,-0.23,-2.24,4.12
000553,13.48,69178,0.01,0.07,1.90
000552,10.75,239823,0.13,1.22,6.77
000551,10.50,99010,-0.08,-0.76,2.47
000550,30.71,17959,0.66,2.20,0.35
000548,6.88,111379,0.21,3.15,2.23
000547,13.58,96907,-0.12,-0.88,1.16
000546,9.04,26842,-0.09,-0.99,1.84
000545,14.46,48450,0.26,1.83,3.10
000544,0.00,0,0.00,0.00,0.00
000543,9.87,285768,-0.03,-0.30,2.79
000541,10.67,241234,0.23,2.20,3.90
000540,9.20,512597,0.36,4.07,4.01
000539,6.21,197899,0.08,1.31,0.93
000538,58.84,133537,0.64,1.10,1.28
000537,8.13,392721,0.30,3.83,7.66
000536,18.85,87760,0.04,0.21,3.50
000534,10.21,79952,-0.31,-2.95,3.80
000533,0.00,0,0.00,0.00,0.00
000532,16.85,112185,0.05,0.30,3.27
000531,14.85,176134,0.54,3.77,2.57
000530,0.00,0,0.00,0.00,0.00
000529,10.31,80632,-0.25,-2.37,1.42
000528,8.72,333451,0.05,0.58,2.96
000526,21.70,11033,-0.18,-0.82,1.15
000525,16.96,109540,0.28,1.68,2.16
000524,11.94,44712,-0.27,-2.21,1.66
000523,0.00,0,0.00,0.00,0.00
000521,6.09,185529,0.10,1.67,3.14
000520,0.00,0,0.00,0.00,0.00
000519,15.03,29043,0.31,2.11,1.53
000518,5.84,276331,-0.06,-1.02,2.68
000517,0.00,0,0.00,0.00,0.00
000516,0.00,0,0.00,0.00,0.00
000514,0.00,0,0.00,0.00,0.00
000513,50.25,8937,0.17,0.34,0.50
000511,8.55,397330,0.20,2.40,3.44
000510,7.32,157833,0.03,0.41,2.59
000509,5.44,121719,-0.03,-0.55,2.31
000507,8.46,310730,-0.04,-0.47,4.02
000506,0.00,0,0.00,0.00,0.00
000505,7.82,82525,0.00,0.00,2.29
000504,0.00,0,0.00,0.00,0.00
000503,27.96,221806,-0.69,-2.41,2.47
000502,11.33,24693,-0.32,-2.75,1.35
000501,14.42,55782,0.14,0.98,1.10
000498,0.00,0,0.00,0.00,0.00
000488,5.48,382558,0.06,1.11,3.46
000002,11.25,2263547,0.32,2.93,2.34
000001,13.22,2637339,0.10,0.76,2.68
